name	taxonomy_id	taxonomy_lvl	kraken_assigned_reads	added_reads	new_est_reads	fraction_total_reads
Bradyrhizobium	374	G	156049	20013	176062	0.02278
Rhodopseudomonas	1073	G	11992	4067	16059	0.00208
Tardiphaga	1395974	G	3992	602	4594	0.00059
Nitrobacter	911	G	3460	488	3948	0.00051
Afipia	1033	G	2879	1154	4033	0.00052
Variibacter	1649510	G	2656	218	2874	0.00037
Rhizobium	379	G	53509	12976	66485	0.00860
Agrobacterium	357	G	10901	3975	14876	0.00192
Neorhizobium	1525371	G	5084	1208	6292	0.00081
Pseudorhizobium	1903858	G	1790	370	2160	0.00028
Sinorhizobium	28105	G	16393	8718	25111	0.00325
Ensifer	106591	G	11606	2311	13917	0.00180
Shinella	323620	G	12038	8644	20682	0.00268
Georhizobium	2661800	G	1254	292	1546	0.00020
Ciceribacter	1648508	G	1248	257	1505	0.00019
Peteryoungia	2853332	G	457	84	541	0.00007
Liberibacter	34019	G	102	54	156	0.00002
Mesorhizobium	68287	G	80464	15780	96244	0.01245
Aquibium	2911176	G	6229	1641	7870	0.00102
Aminobacter	31988	G	4622	2931	7553	0.00098
Nitratireductor	245876	G	4127	680	4807	0.00062
Phyllobacterium	28100	G	2252	246	2498	0.00032
Roseitalea	1915401	G	1643	302	1945	0.00025
Oricola	1594166	G	1312	194	1506	0.00019
Hoeflea	274591	G	1295	131	1426	0.00018
Salaquimonas	2712688	G	542	25	567	0.00007
Lentilitoribacter	1649463	G	24	0	24	0.00000
Methylobacterium	407	G	43669	8284	51953	0.00672
Microvirga	186650	G	24055	3035	27090	0.00350
Methylorubrum	2282523	G	9261	4061	13322	0.00172
Pseudolabrys	556257	G	16356	2764	19120	0.00247
Starkeya	152053	G	6082	1725	7807	0.00101
Xanthobacter	279	G	5925	1443	7368	0.00095
Ancylobacter	99	G	5616	2032	7648	0.00099
Labrys	204476	G	2193	245	2438	0.00032
Azorhizobium	6	G	2012	461	2473	0.00032
Rhodoplanes	29407	G	9603	1036	10639	0.00138
Hyphomicrobium	81	G	6651	495	7146	0.00092
Methyloceanibacter	1484898	G	2769	210	2979	0.00039
Methyloligella	1485594	G	1865	250	2115	0.00027
Aquabacter	45402	G	1651	303	1954	0.00025
Rhodomicrobium	1068	G	1340	99	1439	0.00019
Caenibius	2827482	G	1043	486	1529	0.00020
Filomicrobium	119044	G	597	19	616	0.00008
Devosia	46913	G	17210	1470	18680	0.00242
Youhaiella	1827478	G	1713	389	2102	0.00027
Paradevosia	1573407	G	1665	640	2305	0.00030
Pelagibacterium	1082930	G	821	98	919	0.00012
Maritalea	623276	G	155	5	160	0.00002
Bosea	85413	G	18911	3172	22083	0.00286
Aureimonas	414371	G	9224	2038	11262	0.00146
Martelella	293088	G	4482	842	5324	0.00069
Aurantimonas	182269	G	2710	875	3585	0.00046
Nordella	169055	G	4491	269	4760	0.00062
Terrihabitans	2874214	G	4209	517	4726	0.00061
Pseudorhodoplanes	1734920	G	4117	333	4450	0.00058
Candidatus_Hodgkinia	573657	G	27	0	27	0.00000
Methylocystis	133	G	6728	643	7371	0.00095
Methylosinus	425	G	3225	528	3753	0.00049
Stappia	152161	G	3780	764	4544	0.00059
Roseibium	150830	G	1824	253	2077	0.00027
Pannonibacter	227873	G	1795	1393	3188	0.00041
Labrenzia	478070	G	1431	133	1564	0.00020
Pseudovibrio	258255	G	338	18	356	0.00005
Phreatobacter	1632780	G	8454	1591	10045	0.00130
Kaustia	2838250	G	3661	387	4048	0.00052
Parvibaculum	256616	G	1580	1077	2657	0.00034
Pyruvatibacter	1742974	G	1042	137	1179	0.00015
Candidatus_Phaeomarinobacter	1541445	G	392	19	411	0.00005
Chelatococcus	28209	G	5846	1463	7309	0.00095
Methylocella	120652	G	2381	237	2618	0.00034
Methylovirgula	1156568	G	1913	175	2088	0.00027
Beijerinckia	532	G	591	49	640	0.00008
Blastochloris	59282	G	4652	1204	5856	0.00076
Brucella	234	G	3421	9698	13119	0.00170
Pseudochrobactrum	354349	G	269	46	315	0.00004
Acuticoccus	1904377	G	3142	365	3507	0.00045
Kaistia	166953	G	3024	817	3841	0.00050
Hartmannibacter	1572860	G	2017	396	2413	0.00031
Breoghania	1406135	G	1901	273	2174	0.00028
Lichenihabitans	2723776	G	1640	85	1725	0.00022
Bartonella	773	G	356	36	392	0.00005
Cohaesibacter	655352	G	345	14	359	0.00005
Sphingomonas	13687	G	225156	28086	253242	0.03276
Sphingopyxis	165697	G	32306	7324	39630	0.00513
Sphingobium	165695	G	30389	15505	45894	0.00594
Novosphingobium	165696	G	19092	7003	26095	0.00338
Rhizorhabdus	1649486	G	9333	4832	14165	0.00183
Allosphingosinicella	2823232	G	4724	614	5338	0.00069
Sphingosinithalassobacter	2676233	G	3734	938	4672	0.00060
Parasphingopyxis	1234545	G	2589	133	2722	0.00035
Sphingorhabdus	1434046	G	2146	138	2284	0.00030
Blastomonas	150203	G	1860	333	2193	0.00028
Tardibacter	2685927	G	1545	1323	2868	0.00037
Hankyongella	1763827	G	1465	303	1768	0.00023
Citromicrobium	72173	G	1097	528	1625	0.00021
Novosphingopyxis	2709686	G	975	568	1543	0.00020
Parasphingorhabdus	2709685	G	621	19	640	0.00008
Aquisediminimonas	2676781	G	586	23	609	0.00008
Erythrobacter	1041	G	12521	3380	15901	0.00206
Porphyrobacter	1111	G	4526	1272	5798	0.00075
Qipengyuania	1855416	G	7662	2087	9749	0.00126
Altererythrobacter	361177	G	4470	1206	5676	0.00073
Tsuneonella	2800686	G	4176	871	5047	0.00065
Croceicoccus	1295327	G	4097	2570	6667	0.00086
Aurantiacibacter	2800681	G	940	155	1095	0.00014
Pelagerythrobacter	2800685	G	805	116	921	0.00012
Paraurantiacibacter	2800682	G	790	106	896	0.00012
Croceibacterium	2676755	G	728	319	1047	0.00014
Sphingosinicella	335405	G	8544	956	9500	0.00123
Polymorphobacter	1508451	G	2946	126	3072	0.00040
Sandaracinobacter	56358	G	1392	103	1495	0.00019
Zymomonas	541	G	99	88	187	0.00002
Azospirillum	191	G	32039	4152	36191	0.00468
Skermanella	204447	G	11784	1704	13488	0.00174
Nitrospirillum	1543705	G	2346	283	2629	0.00034
Indioceanicola	2478349	G	2101	303	2404	0.00031
Niveispirillum	1543704	G	1125	129	1254	0.00016
Roseomonas	125216	G	19324	2832	22156	0.00287
Rhodovastum	504465	G	3411	325	3736	0.00048
Roseococcus	35812	G	2683	235	2918	0.00038
Komagataeibacter	1434011	G	2583	1079	3662	0.00047
Acidiphilium	522	G	2386	1126	3512	0.00045
Sediminicoccus	1706033	G	1815	88	1903	0.00025
Lichenicola	2804525	G	1535	70	1605	0.00021
Acidibrevibacterium	2603324	G	1515	131	1646	0.00021
Acetobacter	434	G	1512	582	2094	0.00027
Gluconobacter	441	G	1052	267	1319	0.00017
Gluconacetobacter	89583	G	998	188	1186	0.00015
Granulibacter	364409	G	604	50	654	0.00008
Asaia	91914	G	468	74	542	0.00007
Neoasaia	320496	G	430	77	507	0.00007
Novacetimonas	2919364	G	271	117	388	0.00005
Kozakia	153497	G	241	75	316	0.00004
Oecophyllibacter	2791118	G	215	6	221	0.00003
Parasaccharibacter	1602345	G	144	4	148	0.00002
Swingsia	1649499	G	99	4	103	0.00001
Neokomagataea	1223423	G	54	8	62	0.00001
Entomobacter	2811380	G	23	1	24	0.00000
Commensalibacter	1079922	G	15	0	15	0.00000
Bombella	1654741	G	11	1	12	0.00000
Hypericibacter	2705399	G	13228	827	14055	0.00182
Ferrovibrio	1231242	G	7610	497	8107	0.00105
Magnetospirillum	13134	G	6058	107652	113710	0.01471
Rhodospirillum	1081	G	3910	467	4377	0.00057
Tistrella	171436	G	2696	1119	3815	0.00049
Defluviicoccus	111830	G	1398	130	1528	0.00020
Pararhodospirillum	1612157	G	803	60	863	0.00011
Haematospirillum	1804663	G	169	14	183	0.00002
Candidatus_Endolissoclinum	1263978	G	80	0	80	0.00001
Stella	93	G	5850	415	6265	0.00081
Elioraea	457933	G	2770	140	2910	0.00038
Thalassospira	168934	G	1031	85	1116	0.00014
Magnetospira	1182780	G	585	19	604	0.00008
Terasakiella	196080	G	68	1	69	0.00001
Paracoccus	265	G	18068	3402	21470	0.00278
Cereibacter	1653176	G	4922	1498	6420	0.00083
Rhodobacter	1060	G	4712	1582	6294	0.00081
Rhodovulum	34008	G	2452	544	2996	0.00039
Paroceanicella	2683599	G	2148	610	2758	0.00036
Polymorphum	991903	G	2041	550	2591	0.00034
Pikeienuella	2831955	G	1491	157	1648	0.00021
Pontivivens	1844015	G	1415	115	1530	0.00020
Thioclava	285107	G	1398	185	1583	0.00020
Silicimonas	1955420	G	1288	84	1372	0.00018
Pelagovum	2795377	G	1254	172	1426	0.00018
Frigidibacter	1775705	G	920	415	1335	0.00017
Brevirhabdus	1855413	G	853	435	1288	0.00017
Pukyongiella	2831925	G	851	225	1076	0.00014
Tabrizicola	1443919	G	760	75	835	0.00011
Fuscovulum	2818469	G	749	105	854	0.00011
Gymnodinialimonas	2937410	G	730	75	805	0.00010
Falsirhodobacter	1434002	G	650	101	751	0.00010
Haematobacter	366614	G	646	286	932	0.00012
Gemmobacter	204456	G	617	128	745	0.00010
Pseudopuniceibacterium	2613960	G	567	48	615	0.00008
Pacificitalea	2846749	G	525	127	652	0.00008
Monaibacterium	2029873	G	491	125	616	0.00008
Pseudooceanicola	1679449	G	480	51	531	0.00007
Roseicitreum	1209946	G	432	24	456	0.00006
Tritonibacter	2083206	G	348	173	521	0.00007
Yoonia	2211641	G	328	81	409	0.00005
Qingshengfaniella	2816884	G	304	17	321	0.00004
Rhodophyticola	2680018	G	260	8	268	0.00003
Profundibacter	2778525	G	254	9	263	0.00003
Pseudohalocynthiibacter	1759417	G	237	52	289	0.00004
Pseudorhodobacter	238783	G	235	16	251	0.00003
Rhodobaca	119541	G	230	11	241	0.00003
Cognatishimia	2211635	G	162	7	169	0.00002
Aestuarium	2820509	G	158	70	228	0.00003
Parasedimentitalea	2738399	G	153	7	160	0.00002
Planktomarina	1284657	G	98	2	100	0.00001
Roseovarius	74030	G	4701	769	5470	0.00071
Sulfitobacter	60136	G	4397	940	5337	0.00069
Salipiger	263377	G	3429	1200	4629	0.00060
Roseivivax	93682	G	2928	487	3415	0.00044
Celeribacter	875170	G	2013	839	2852	0.00037
Phaeobacter	302485	G	1639	340	1979	0.00026
Leisingera	191028	G	1553	224	1777	0.00023
Ruegeria	97050	G	1468	237	1705	0.00022
Sagittula	58842	G	1198	540	1738	0.00022
Yangia	2919626	G	1176	211	1387	0.00018
Pseudosulfitobacter	2854186	G	1091	321	1412	0.00018
Ponticoccus	983507	G	944	152	1096	0.00014
Mameliella	1434019	G	859	172	1031	0.00013
Dinoroseobacter	309512	G	816	320	1136	0.00015
Roseobacter	2433	G	737	20	757	0.00010
Ketogulonicigenium	92944	G	697	90	787	0.00010
Octadecabacter	53945	G	691	49	740	0.00010
Roseibacterium	159345	G	623	56	679	0.00009
Actibacterium	1433986	G	581	304	885	0.00011
Oceanicola	252301	G	551	30	581	0.00008
Maribius	387095	G	441	24	465	0.00006
Tateyamaria	299261	G	431	15	446	0.00006
Jannaschia	188905	G	425	12	437	0.00006
Antarctobacter	74032	G	418	23	441	0.00006
Thalassococcus	436357	G	392	10	402	0.00005
Thalassobius	335927	G	256	14	270	0.00003
Falsihalocynthiibacter	2854182	G	95	3	98	0.00001
Phenylobacterium	20	G	33518	5525	39043	0.00505
Caulobacter	75	G	27213	4401	31614	0.00409
Brevundimonas	41275	G	20335	2723	23058	0.00298
Terricaulis	2768684	G	2756	96	2852	0.00037
Asticcacaulis	76890	G	1468	101	1569	0.00020
Hyphomonas	85	G	1608	73	1681	0.00022
Candidatus_Viadribacter	2892997	G	1436	39	1475	0.00019
Hirschia	2723	G	33	0	33	0.00000
Marinicauda	1649466	G	1658	296	1954	0.00025
Glycocaulis	1433402	G	491	26	517	0.00007
Maricaulis	74317	G	489	31	520	0.00007
Hyphobacterium	2004661	G	338	13	351	0.00005
Aquisalinus	1795639	G	673	33	706	0.00009
Parvularcula	208215	G	284	37	321	0.00004
Micavibrio	213485	G	623	8	631	0.00008
Candidatus_Puniceispirillum	767891	G	62	1	63	0.00001
Anaplasma	768	G	151	20	171	0.00002
Wolbachia	953	G	70	5	75	0.00001
Ehrlichia	943	G	37	4	41	0.00001
Neorickettsia	33993	G	26	0	26	0.00000
Rickettsia	780	G	145	9	154	0.00002
Orientia	69474	G	13	0	13	0.00000
Candidatus_Phycorickettsia	2115980	G	31	1	32	0.00000
Candidatus_Midichloria	411566	G	15	1	16	0.00000
Candidatus_Fokinia	1802983	G	10	19	29	0.00000
Candidatus_Deianiraea	2603321	G	12	0	12	0.00000
Luteithermobacter	2813803	G	210	34	244	0.00003
Paremcibacter	2813804	G	210	6	216	0.00003
Candidatus_Cytomitobacter	2601574	G	26	5	31	0.00000
Candidatus_Hydrogenosomobacter	2654634	G	19	0	19	0.00000
Candidatus_Gromoviella	2900571	G	18	13	31	0.00000
Candidatus_Paracaedibacter	1521255	G	53	3	56	0.00001
Candidatus_Nucleicultrix	1509243	G	49	2	51	0.00001
Magnetococcus	162171	G	135	3	138	0.00002
Candidatus_Pelagibacter	198251	G	51	0	51	0.00001
Candidatus_Fonsibacter	2045213	G	20	0	20	0.00000
Kordiimonas	288021	G	60	1	61	0.00001
Pseudomonas	286	G	388183	122150	510333	0.06602
Azotobacter	352	G	3933	594	4527	0.00059
Halopseudomonas	2901189	G	1696	270	1966	0.00025
Permianibacter	1649479	G	347	9	356	0.00005
Thiopseudomonas	1654787	G	32	6	38	0.00000
Entomomonas	2758906	G	21	1	22	0.00000
Marinobacter	2742	G	3536	245	3781	0.00049
Lysobacter	68	G	70433	11731	82164	0.01063
Stenotrophomonas	40323	G	20803	9941	30744	0.00398
Pseudoxanthomonas	83618	G	19075	8471	27546	0.00356
Xanthomonas	338	G	18642	9301	27943	0.00361
Luteimonas	83614	G	15932	3309	19241	0.00249
Thermomonas	141948	G	8258	2371	10629	0.00137
Arenimonas	490567	G	5607	1144	6751	0.00087
Pseudolysobacter	2709666	G	941	24	965	0.00012
Xylella	2370	G	268	30	298	0.00004
Luteibacter	242605	G	6566	739	7305	0.00095
Rhodanobacter	75309	G	5291	1212	6503	0.00084
Dyella	231454	G	4599	807	5406	0.00070
Frateuria	70411	G	3241	881	4122	0.00053
Dokdonella	323413	G	2817	494	3311	0.00043
Aerosticca	2707020	G	1319	1649	2968	0.00038
Ahniella	2233801	G	743	18	761	0.00010
Klebsiella	570	G	3162	26431	29593	0.00383
Raoultella	160674	G	741	482	1223	0.00016
Enterobacter	547	G	3900	7264	11164	0.00144
Citrobacter	544	G	1651	1496	3147	0.00041
Cronobacter	413496	G	1031	222	1253	0.00016
Kosakonia	1330547	G	914	147	1061	0.00014
Leclercia	83654	G	901	516	1417	0.00018
Salmonella	590	G	696	22763	23459	0.00303
Pluralibacter	1330546	G	666	163	829	0.00011
Cedecea	158483	G	547	74	621	0.00008
Escherichia	561	G	523	12408	12931	0.00167
Lelliottia	1330545	G	356	79	435	0.00006
Kluyvera	579	G	272	73	345	0.00004
Candidatus_Symbiopectobacterium	801	G	76	9	85	0.00001
Candidatus_Blochmannia	203804	G	54	2	56	0.00001
Candidatus_Hamiltonella	568987	G	24	21	45	0.00001
Candidatus_Doolittlea	1906657	G	20	1	21	0.00000
Atlantibacter	1903434	G	132	27	159	0.00002
Buttiauxella	82976	G	131	18	149	0.00002
Jejubacter	2815296	G	128	13	141	0.00002
Plesiomonas	702	G	127	38	165	0.00002
Pseudescherichia	2055880	G	121	7	128	0.00002
Shimwellia	1335483	G	99	19	118	0.00002
Yokenella	158876	G	98	41	139	0.00002
Scandinavium	2726810	G	87	15	102	0.00001
Pseudocitrobacter	1504576	G	79	101	180	0.00002
Phytobacter	447792	G	58	83	141	0.00002
Shigella	620	G	22	617	639	0.00008
Candidatus_Moranella	1048757	G	18	0	18	0.00000
Serratia	613	G	5060	1273	6333	0.00082
Yersinia	629	G	571	2494	3065	0.00040
Rahnella	34037	G	563	155	718	0.00009
Nissabacter	1964366	G	335	48	383	0.00005
Gibbsiella	929812	G	203	27	230	0.00003
Ewingella	41201	G	117	16	133	0.00002
Rouxiella	1565532	G	106	9	115	0.00001
Chania	1745211	G	58	6	64	0.00001
Candidatus_Fukatsuia	1927833	G	27	1	28	0.00000
Pantoea	53335	G	3023	535	3558	0.00046
Erwinia	551	G	1263	216	1479	0.00019
Mixta	2100764	G	664	198	862	0.00011
Buchnera	32199	G	107	13	120	0.00002
Tatumella	82986	G	61	9	70	0.00001
Wigglesworthia	51228	G	14	1	15	0.00000
Dickeya	204037	G	1435	248	1683	0.00022
Pectobacterium	122277	G	887	176	1063	0.00014
Brenneria	71655	G	622	47	669	0.00009
Lonsdalea	1082702	G	270	43	313	0.00004
Musicola	2884243	G	152	0	152	0.00002
Edwardsiella	635	G	878	335	1213	0.00016
Hafnia	568	G	117	39	156	0.00002
Obesumbacterium	82982	G	16	9	25	0.00000
Morganella	581	G	228	184	412	0.00005
Providencia	586	G	192	87	279	0.00004
Xenorhabdus	626	G	178	23	201	0.00003
Proteus	583	G	136	176	312	0.00004
Photorhabdus	29487	G	107	8	115	0.00001
Arsenophonus	637	G	51	5	56	0.00001
Moellerella	158848	G	13	10	23	0.00000
Sodalis	84565	G	635	40	675	0.00009
Leminorella	82980	G	68	8	76	0.00001
Pragia	82984	G	25	3	28	0.00000
Jinshanibacter	2810357	G	12	2	14	0.00000
Limnobaculum	2172100	G	11	2	13	0.00000
Thioalkalivibrio	106633	G	5403	953	6356	0.00082
Spiribacter	1335745	G	3422	263	3685	0.00048
Acidihalobacter	1765964	G	2069	171	2240	0.00029
Halorhodospira	85108	G	1102	98	1200	0.00016
Aquisalimonas	406099	G	957	72	1029	0.00013
Alkalilimnicola	133193	G	942	130	1072	0.00014
Ectothiorhodospira	1051	G	915	95	1010	0.00013
Ectothiorhodosinus	233099	G	118	8	126	0.00002
Allochromatium	85072	G	1842	446	2288	0.00030
Thiodictyon	53392	G	1729	97	1826	0.00024
Thioflavicoccus	156885	G	1672	157	1829	0.00024
Marichromatium	85076	G	1444	293	1737	0.00022
Thiocapsa	1056	G	1221	68	1289	0.00017
Thiocystis	13724	G	838	74	912	0.00012
Thermochromatium	85073	G	604	155	759	0.00010
Nitrosococcus	1227	G	496	14	510	0.00007
Caldichromatium	2828366	G	429	51	480	0.00006
Rheinheimera	67575	G	114	21	135	0.00002
Candidatus_Nitrosacidococcus	2796146	G	41	2	43	0.00001
Candidatus_Nitrosoglobus	1980513	G	23	1	24	0.00000
Wenzhouxiangella	1676142	G	1688	86	1774	0.00023
Thiohalobacter	1273155	G	1336	175	1511	0.00020
Guyparkeria	2035712	G	1027	258	1285	0.00017
Sulfurivermis	2034504	G	890	328	1218	0.00016
Halothiobacillus	109262	G	615	52	667	0.00009
Woeseia	1738655	G	525	9	534	0.00007
Sulfuriflexus	1860077	G	225	6	231	0.00003
Granulosicoccus	437504	G	177	2	179	0.00002
Halomonas	2745	G	15903	2061	17964	0.00232
Cobetia	204286	G	976	668	1644	0.00021
Halotalea	376488	G	799	142	941	0.00012
Salinicola	404432	G	748	79	827	0.00011
Kushneria	504090	G	671	28	699	0.00009
Chromohalobacter	42054	G	576	58	634	0.00008
Pistricoccus	1897649	G	451	27	478	0.00006
Zymobacter	33073	G	127	15	142	0.00002
Candidatus_Portiera	235572	G	34	13	47	0.00001
Candidatus_Carsonella	114185	G	14	2	16	0.00000
Alcanivorax	59753	G	1983	894	2877	0.00037
Ketobacter	2025617	G	95	7	102	0.00001
Marinobacterium	48075	G	630	76	706	0.00009
Marinomonas	28253	G	223	23	246	0.00003
Thalassolituus	187492	G	125	15	140	0.00002
Venatorbacter	2893036	G	107	26	133	0.00002
Neptunomonas	75687	G	89	6	95	0.00001
Bacterioplanes	1537406	G	80	5	85	0.00001
Nitrincola	267849	G	64	9	73	0.00001
Amphritea	515417	G	39	3	42	0.00001
Bermanella	599651	G	26	1	27	0.00000
Saccharospirillum	231683	G	234	13	247	0.00003
Reinekea	230494	G	168	8	176	0.00002
Gynuella	1445504	G	87	2	89	0.00001
Hahella	158481	G	468	16	484	0.00006
Litoricola	418700	G	148	6	154	0.00002
Endozoicomonas	305899	G	57	3	60	0.00001
Oleiphilus	141450	G	55	4	59	0.00001
Spartinivicinus	2768738	G	37	1	38	0.00000
Methylococcus	413	G	3590	235	3825	0.00049
Methylomonas	416	G	1998	61	2059	0.00027
Methylocaldum	73778	G	1001	52	1053	0.00014
Methylomagnum	1760987	G	978	39	1017	0.00013
Methylomicrobium	39773	G	916	150	1066	0.00014
Methylogaea	1295378	G	818	57	875	0.00011
Candidatus_Methylospira	1808977	G	295	11	306	0.00004
Methylotuvimicrobium	2822410	G	207	93	300	0.00004
Methylovulum	762296	G	120	2	122	0.00002
Methylobacter	429	G	43	2	45	0.00001
Aeromonas	642	G	8349	5970	14319	0.00185
Zobellella	347533	G	626	146	772	0.00010
Oceanimonas	129577	G	326	70	396	0.00005
Oceanisphaera	225143	G	79	8	87	0.00001
Dongshaea	2802288	G	79	6	85	0.00001
Tolumonas	43947	G	58	21	79	0.00001
Succinivibrio	83770	G	25	1	26	0.00000
Cellvibrio	10	G	3020	111	3131	0.00041
Teredinibacter	2425	G	238	9	247	0.00003
Simiduia	447467	G	205	9	214	0.00003
Marinagarivorans	1792291	G	45	3	48	0.00001
Saccharophagus	316625	G	44	1	45	0.00001
Agarilytica	2036021	G	28	0	28	0.00000
Microbulbifer	48073	G	2718	144	2862	0.00037
Kineobactrum	2678529	G	530	18	548	0.00007
Halioglobus	1217416	G	374	11	385	0.00005
Congregibacter	393661	G	204	76	280	0.00004
Aequoribacter	2847769	G	58	6	64	0.00001
Spongiibacter	630749	G	350	30	380	0.00005
Zhongshania	1434050	G	79	5	84	0.00001
Oceanicoccus	1084558	G	45	0	45	0.00001
Sulfurifustis	1692042	G	4340	266	4606	0.00060
Sulfuricaulis	1744881	G	1706	125	1831	0.00024
Acidiferrobacter	986106	G	1106	20	1126	0.00015
Solimonas	413435	G	2514	251	2765	0.00036
Flagellatimonas	2893022	G	817	58	875	0.00011
Sinimarinibacterium	1861863	G	474	232	706	0.00009
Steroidobacter	469322	G	3162	748	3910	0.00051
Shewanella	22	G	2517	377	2894	0.00037
Parashewanella	2547964	G	23	1	24	0.00000
Alteromonas	226	G	346	63	409	0.00005
Salinimonas	288793	G	171	25	196	0.00003
Hydrocarboniclastica	2650549	G	243	29	272	0.00004
Saliniradius	2661818	G	103	9	112	0.00001
Agarivorans	261825	G	87	7	94	0.00001
Paraglaciecola	1621534	G	76	5	81	0.00001
Lacimicrobium	1751872	G	73	4	77	0.00001
Paraneptunicella	2905123	G	39	2	41	0.00001
Catenovulum	1172191	G	28	1	29	0.00000
Glaciecola	89404	G	23	1	24	0.00000
Saccharobesus	2894574	G	13	0	13	0.00000
Pseudoalteromonas	53246	G	771	97	868	0.00011
Psychrosphaera	907197	G	18	2	20	0.00000
Flocculibacter	2834759	G	13	1	14	0.00000
Ferrimonas	44011	G	281	30	311	0.00004
Thalassotalea	1518149	G	79	7	86	0.00001
Colwellia	28228	G	66	6	72	0.00001
Idiomarina	135575	G	126	13	139	0.00002
Psychromonas	67572	G	63	5	68	0.00001
Moritella	58050	G	56	10	66	0.00001
Vibrio	662	G	2368	438	2806	0.00036
Photobacterium	657	G	455	96	551	0.00007
Salinivibrio	51366	G	105	13	118	0.00002
Grimontia	246861	G	98	12	110	0.00001
Aliivibrio	511678	G	46	9	55	0.00001
Thaumasiovibrio	2014233	G	30	3	33	0.00000
Legionella	445	G	1227	114	1341	0.00017
Tatlockia	465	G	30	1	31	0.00000
Fluoribacter	461	G	15	1	16	0.00000
Aquicella	254245	G	373	12	385	0.00005
Coxiella	776	G	133	25	158	0.00002
Rickettsiella	59195	G	36	1	37	0.00000
Acinetobacter	469	G	1316	868	2184	0.00028
Psychrobacter	497	G	275	12	287	0.00004
Moraxella	475	G	190	19	209	0.00003
Aquirhabdus	2824158	G	40	1	41	0.00001
Pasteurella	745	G	1182	2448	3630	0.00047
Haemophilus	724	G	108	30	138	0.00002
Aggregatibacter	416916	G	96	63	159	0.00002
Mannheimia	75984	G	94	16	110	0.00001
Actinobacillus	713	G	85	29	114	0.00001
Avibacterium	292486	G	43	5	48	0.00001
Glaesserella	2094023	G	34	20	54	0.00001
Rodentibacter	1960084	G	27	2	29	0.00000
Basfia	697331	G	23	1	24	0.00000
Bibersteinia	476528	G	14	3	17	0.00000
Gallibacterium	155493	G	13	3	16	0.00000
Histophilus	214906	G	12	3	15	0.00000
Frederiksenia	1649317	G	11	2	13	0.00000
Immundisolibacter	1934947	G	1696	287	1983	0.00026
Candidatus_Endoriftia	393764	G	459	20	479	0.00006
Candidatus_Vesicomyosocius	2732587	G	41	15	56	0.00001
Candidatus_Ruthia	1541743	G	10	9	19	0.00000
Sedimenticola	349742	G	307	12	319	0.00004
Candidatus_Reidiella	2738850	G	226	4	230	0.00003
Thiolapillus	1608298	G	181	4	185	0.00002
Pseudohongiella	1524249	G	125	3	128	0.00002
Gallaecimonas	745410	G	70	4	74	0.00001
Celerinatantimonas	412033	G	25	1	26	0.00000
Candidatus_Thioglobus	655184	G	24	3	27	0.00000
Ignatzschineria	112008	G	20	1	21	0.00000
Thiomicrorhabdus	2039723	G	149	6	155	0.00002
Methylophaga	40222	G	139	29	168	0.00002
Thiomicrospira	933	G	110	29	139	0.00002
Hydrogenovibrio	28884	G	90	31	121	0.00002
Piscirickettsia	1237	G	47	3	50	0.00001
Thiosulfatimonas	2781121	G	39	2	41	0.00001
Cycloclasticus	34067	G	35	3	38	0.00000
Thiosulfativibrio	2781120	G	19	0	19	0.00000
Thiothrix	1030	G	518	14	532	0.00007
Beggiatoa	1021	G	50	1	51	0.00001
Francisella	262	G	69	5	74	0.00001
Allofrancisella	1869285	G	16	2	18	0.00000
Salinisphaera	180541	G	881	970	1851	0.00024
Cardiobacterium	2717	G	570	75	645	0.00008
Suttonella	13275	G	50	2	52	0.00001
Dichelobacter	869	G	32	6	38	0.00001
Kangiella	261963	G	93	5	98	0.00001
Gilliamella	1193503	G	37	10	47	0.00001
Burkholderia	32008	G	66060	65772	131832	0.01705
Cupriavidus	106589	G	41055	18825	59880	0.00775
Paraburkholderia	1822464	G	34367	3695	38062	0.00492
Ralstonia	48736	G	11168	5335	16503	0.00213
Pandoraea	93217	G	10530	1623	12153	0.00157
Caballeronia	1827195	G	9464	1146	10610	0.00137
Polynucleobacter	44013	G	4959	159	5118	0.00066
Lautropia	47670	G	1040	190	1230	0.00016
Mycetohabitans	2571159	G	764	51	815	0.00011
Chitinimonas	240411	G	682	55	737	0.00010
Limnobacter	131079	G	241	11	252	0.00003
Mycoavidus	1810868	G	173	7	180	0.00002
Candidatus_Vallotia	2018044	G	102	13	115	0.00001
Ephemeroptericola	2680021	G	68	4	72	0.00001
Variovorax	34072	G	44599	15603	60202	0.00779
Hydrogenophaga	47420	G	25707	11782	37489	0.00485
Acidovorax	12916	G	21929	11137	33066	0.00428
Ramlibacter	174951	G	15109	6591	21700	0.00281
Rhodoferax	28065	G	14282	3425	17707	0.00229
Comamonas	283	G	10477	4832	15309	0.00198
Schlegelella	215579	G	7045	2353	9398	0.00122
Diaphorobacter	238749	G	6308	7580	13888	0.00180
Polaromonas	52972	G	4777	398	5175	0.00067
Delftia	80865	G	4634	7020	11654	0.00151
Kinneretia	683756	G	3957	2614	6571	0.00085
Ottowia	219181	G	3289	597	3886	0.00050
Alicycliphilus	201096	G	2923	5105	8028	0.00104
Melaminivora	1649468	G	2425	2236	4661	0.00060
Serpentinimonas	2490452	G	1886	451	2337	0.00030
Hylemonella	232523	G	1642	247	1889	0.00024
Verminephrobacter	364316	G	1266	162	1428	0.00018
Pulveribacter	2678886	G	1135	614	1749	0.00023
Simplicispira	352450	G	869	334	1203	0.00016
Limnohabitans	665874	G	815	82	897	0.00012
Curvibacter	281915	G	452	34	486	0.00006
Candidatus_Symbiobacter	1436289	G	339	12	351	0.00005
Massilia	149698	G	39764	7253	47017	0.00608
Duganella	75654	G	3130	1127	4257	0.00055
Herbaspirillum	963	G	6816	1326	8142	0.00105
Janthinobacterium	29580	G	6579	1437	8016	0.00104
Collimonas	202907	G	3033	376	3409	0.00044
Noviherbaspirillum	1344552	G	2073	379	2452	0.00032
Undibacterium	401469	G	425	27	452	0.00006
Herminiimonas	303379	G	194	35	229	0.00003
Glaciimonas	1229970	G	180	12	192	0.00002
Oxalobacter	846	G	114	10	124	0.00002
Achromobacter	222	G	23849	10174	34023	0.00440
Bordetella	517	G	19960	7741	27701	0.00358
Pigmentiphaga	152267	G	3169	385	3554	0.00046
Orrella	1921582	G	1544	496	2040	0.00026
Castellaniella	359336	G	1492	1013	2505	0.00032
Alcaligenes	507	G	980	246	1226	0.00016
Pusillimonas_(ex_Stolz_et_al._2005)	305976	G	754	146	900	0.00012
Paralcaligenes	1148163	G	444	19	463	0.00006
Kerstersia	257820	G	382	84	466	0.00006
Advenella	290425	G	370	11	381	0.00005
Oligella	90243	G	60	20	80	0.00001
Paenalcaligenes	1100891	G	31	1	32	0.00000
Pelistega	106146	G	20	3	23	0.00000
Taylorella	29574	G	15	1	16	0.00000
Rhizobacter	212743	G	7412	1837	9249	0.00120
Sphaerotilus	34102	G	4403	2354	6757	0.00087
Methylibium	316612	G	3883	1246	5129	0.00066
Rubrivivax	28067	G	3571	1254	4825	0.00062
Thiomonas	32012	G	3034	497	3531	0.00046
Aquincola	391952	G	2884	1098	3982	0.00052
Mitsuaria	65047	G	2548	570	3118	0.00040
Leptothrix	88	G	2480	897	3377	0.00044
Xylophilus	54066	G	1910	612	2522	0.00033
Tepidimonas	114248	G	1660	640	2300	0.00030
Ideonella	36862	G	1459	965	2424	0.00031
Aquabacterium	92793	G	1235	363	1598	0.00021
Roseateles	93681	G	1100	236	1336	0.00017
Inhella	644355	G	828	146	974	0.00013
Paucibacter	318147	G	661	125	786	0.00010
Candidatus_Ichthyocystis	2929841	G	26	0	26	0.00000
Sutterella	40544	G	1219	114	1333	0.00017
Turicimonas	1918598	G	53	4	57	0.00001
Thauera	33057	G	9896	6299	16195	0.00210
Azoarcus	12960	G	7994	2699	10693	0.00138
Nitrogeniibacter	2891294	G	2521	420	2941	0.00038
Aromatoleum	551759	G	8528	2623	11151	0.00144
Azospira	146937	G	5620	2642	8262	0.00107
Niveibacterium	1769726	G	1291	194	1485	0.00019
Oryzomicrobium	1911577	G	973	266	1239	0.00016
Rugosibacter	1914449	G	283	50	333	0.00004
Dechloromonas	73029	G	2164	406	2570	0.00033
Ferribacterium	88875	G	1791	331	2122	0.00027
Quatrionicoccus	138117	G	795	258	1053	0.00014
Fluviibacter	2808942	G	103	35	138	0.00002
Usitatibacter	2803845	G	12190	1008	13198	0.00171
Nitrosomonas	914	G	4829	168	4997	0.00065
Nitrosospira	35798	G	2272	76	2348	0.00030
Methyloversatilis	378210	G	2231	321	2552	0.00033
Denitratisoma	311181	G	2080	1092	3172	0.00041
Sulfuritalea	1054211	G	1617	267	1884	0.00024
Sterolibacterium	157591	G	1075	308	1383	0.00018
Thiobacillus	919	G	2593	538	3131	0.00041
Sulfuritortus	1938335	G	1577	719	2296	0.00030
Sideroxydans	314343	G	1427	206	1633	0.00021
Ferrigenium	2249462	G	1058	234	1292	0.00017
Ferriphaselus	1443590	G	285	41	326	0.00004
Candidatus_Nitrotoga	453161	G	268	16	284	0.00004
Gallionella	96	G	261	25	286	0.00004
Sulfurimicrobium	2772198	G	1043	145	1188	0.00015
Sulfuriferula	1778653	G	1021	179	1200	0.00016
Sulfuricella	935200	G	527	52	579	0.00007
Methylovorus	81682	G	418	36	454	0.00006
Methylobacillus	404	G	344	91	435	0.00006
Methylophilus	16	G	326	24	350	0.00005
Methylotenera	359407	G	108	11	119	0.00002
Candidatus_Methylopumilus	1679002	G	80	9	89	0.00001
Methyloradius	2872156	G	71	7	78	0.00001
Chromobacterium	535	G	6067	1426	7493	0.00097
Iodobacter	32014	G	115	32	147	0.00002
Jeongeupia	885864	G	1951	386	2337	0.00030
Paludibacterium	400060	G	1594	293	1887	0.00024
Pseudogulbenkiania	568394	G	1187	429	1616	0.00021
Vogesella	57739	G	1029	277	1306	0.00017
Aquitalea	407217	G	859	179	1038	0.00013
Microvirgula	57479	G	770	155	925	0.00012
Laribacter	168470	G	669	617	1286	0.00017
Aquaspirillum	187	G	357	56	413	0.00005
Deefgea	400947	G	152	21	173	0.00002
Chitinibacter	230666	G	138	60	198	0.00003
Neisseria	482	G	2277	754	3031	0.00039
Crenobacter	1654931	G	1515	528	2043	0.00026
Chitinolyticbacter	1055692	G	944	122	1066	0.00014
Vitreoscilla	59	G	437	78	515	0.00007
Kingella	32257	G	313	86	399	0.00005
Eikenella	538	G	286	78	364	0.00005
Uruburuella	299568	G	238	35	273	0.00004
Paralysiella	2898489	G	100	22	122	0.00002
Conchiformibius	334107	G	47	7	54	0.00001
Alysiella	194195	G	45	45	90	0.00001
Snodgrassella	1193515	G	31	9	40	0.00001
Aquella	2593687	G	18	0	18	0.00000
Morococcus	212742	G	15	75	90	0.00001
Casimicrobium	2706000	G	1149	531	1680	0.00022
Candidatus_Kinetoplastibacterium	33055	G	25	2	27	0.00000
Candidatus_Profftella	1381133	G	11	3	14	0.00000
Sorangium	39643	G	101752	11187	112939	0.01461
Polyangium	55	G	21066	1590	22656	0.00293
Chondromyces	50	G	6881	254	7135	0.00092
Pajaroellobacter	1882917	G	122	3	125	0.00002
Sandaracinus	1055688	G	32464	1633	34097	0.00441
Labilithrix	1524217	G	9470	367	9837	0.00127
Archangium	47	G	35394	3644	39038	0.00505
Stigmatella	40	G	5335	409	5744	0.00074
Cystobacter	42	G	5036	1111	6147	0.00080
Melittangium	44	G	3642	739	4381	0.00057
Anaeromyxobacter	161492	G	41660	2988	44648	0.00578
Myxococcus	32	G	14958	22398	37356	0.00483
Corallococcus	83461	G	13706	1156	14862	0.00192
Pyxidicoccus	224458	G	7448	342	7790	0.00101
Vulgatibacter	1524214	G	4386	341	4727	0.00061
Haliangium	162027	G	14281	763	15044	0.00195
Geomonas	2651583	G	6402	1091	7493	0.00097
Geobacter	28231	G	5916	677	6593	0.00085
Citrifermentans	2883512	G	1968	519	2487	0.00032
Geotalea	2910589	G	860	61	921	0.00012
Geoalkalibacter	392332	G	470	456	926	0.00012
Trichlorobacter	115782	G	284	41	325	0.00004
Desulfuromonas	890	G	4336	572	4908	0.00064
Pelobacter	18	G	714	250	964	0.00012
Syntrophotalea	2812025	G	813	100	913	0.00012
Desulfovibrio	872	G	3683	545	4228	0.00055
Pseudodesulfovibrio	2035811	G	3678	767	4445	0.00058
Solidesulfovibrio	2910984	G	2170	247	2417	0.00031
Oceanidesulfovibrio	2905722	G	1006	71	1077	0.00014
Desulfocurvibacter	2582840	G	833	69	902	0.00012
Desulfolutivibrio	2773294	G	673	214	887	0.00011
Megalodesulfovibrio	2910978	G	574	32	606	0.00008
Oleidesulfovibrio	2909705	G	211	323	534	0.00007
Maridesulfovibrio	2794998	G	115	12	127	0.00002
Paradesulfovibrio	2910986	G	74	8	82	0.00001
Lawsonia	41707	G	22	249	271	0.00004
Desulfomicrobium	898	G	735	110	845	0.00011
Desulfohalobium	45662	G	229	13	242	0.00003
Desulfosarcina	2299	G	1833	294	2127	0.00028
Desulfococcus	896	G	417	79	496	0.00006
Desulfatibacillum	218207	G	324	11	335	0.00004
Desulfoluna	497721	G	298	16	314	0.00004
Desulfonema	45654	G	192	4	196	0.00003
Desulfobacter	2289	G	165	17	182	0.00002
Desulforapulum	2904687	G	101	12	113	0.00001
Desulfobacula	28222	G	36	3	39	0.00001
Desulfobulbus	893	G	936	202	1138	0.00015
Desulfurivibrio	427922	G	426	21	447	0.00006
Desulfomarina	2894767	G	48	4	52	0.00001
Desulfosudis	2904716	G	389	24	413	0.00005
Desulfosediminicola	2886823	G	163	16	179	0.00002
Desulfocapsa	53318	G	47	2	49	0.00001
Desulfotalea	109168	G	41	7	48	0.00001
Persicimonas	2766927	G	2842	94	2936	0.00038
Bradymonas	1779136	G	981	482	1463	0.00019
Syntrophobacter	29526	G	757	345	1102	0.00014
Desulfoglaeba	361106	G	641	33	674	0.00009
Desulfarculus	453229	G	1073	687	1760	0.00023
Desulfomonile	2357	G	256	4	260	0.00003
Desulfobacca	60892	G	249	8	257	0.00003
Syntrophus	43773	G	225	14	239	0.00003
Dissulfurimicrobium	1769732	G	143	9	152	0.00002
Candidatus_Desulfofervidus	1902583	G	75	1	76	0.00001
Hippea	84404	G	25	1	26	0.00000
Campylobacter	194	G	556	88	644	0.00008
Sulfurimonas	202746	G	385	30	415	0.00005
Sulfuricurvum	286130	G	35	2	37	0.00000
Helicobacter	209	G	345	33	378	0.00005
Wolinella	843	G	37	6	43	0.00001
Nitratifractor	269260	G	168	10	178	0.00002
Sulfurovum	265570	G	116	11	127	0.00002
Hydrogenimonas	223785	G	173	15	188	0.00002
Sulfurospirillum	57665	G	100	5	105	0.00001
Malaciobacter	2321114	G	24	3	27	0.00000
Aliarcobacter	2321111	G	21	8	29	0.00000
Arcobacter	28196	G	19	17	36	0.00000
Halarcobacter	2321115	G	10	1	11	0.00000
Nitratiruptor	269258	G	51	6	57	0.00001
Nitrosophilus	2795692	G	49	12	61	0.00001
Caminibacter	191301	G	43	15	58	0.00001
Nautilia	191291	G	27	7	34	0.00000
Bdellovibrio	958	G	1634	71	1705	0.00022
Pseudobdellovibrio	2862745	G	58	2	60	0.00001
Bacteriovorax	146784	G	48	10	58	0.00001
Halobacteriovorax	1652133	G	37	10	47	0.00001
Fluviispira	2698753	G	18	8	26	0.00000
Acidithiobacillus	119977	G	1267	124	1391	0.00018
Hydrogenophilus	70774	G	370	71	441	0.00006
Mariprofundus	377315	G	253	7	260	0.00003
Streptomyces	1883	G	726995	180748	907743	0.11743
Kitasatospora	2063	G	8033	2923	10956	0.00142
Streptacidiphilus	228398	G	5610	1687	7297	0.00094
Yinghuangia	2805681	G	2512	432	2944	0.00038
Microbacterium	33882	G	59706	11453	71159	0.00921
Agromyces	33877	G	22525	6076	28601	0.00370
Curtobacterium	2034	G	9829	2202	12031	0.00156
Rathayibacter	33886	G	8983	2235	11218	0.00145
Leucobacter	55968	G	7657	1524	9181	0.00119
Agrococcus	46352	G	7466	2237	9703	0.00126
Clavibacter	1573	G	6994	6183	13177	0.00170
Leifsonia	110932	G	6970	3764	10734	0.00139
Protaetiibacter	2680004	G	3848	1264	5112	0.00066
Salinibacterium	235888	G	2999	540	3539	0.00046
Cryobacterium	69578	G	2347	367	2714	0.00035
Frondihabitans	447237	G	1993	356	2349	0.00030
Microcella	337004	G	1813	696	2509	0.00032
Microterricola	518733	G	1718	470	2188	0.00028
Plantibacter	190323	G	1700	234	1934	0.00025
Cnuibacter	1759331	G	1356	327	1683	0.00022
Gryllotalpicola	1195526	G	1220	261	1481	0.00019
Herbiconiux	881616	G	1192	265	1457	0.00019
Subtercola	120212	G	1161	107	1268	0.00016
Mycetocola	76634	G	1153	160	1313	0.00017
Frigoribacterium	96492	G	1138	371	1509	0.00020
Chryseoglobus	1331730	G	1049	213	1262	0.00016
Humibacter	427753	G	980	243	1223	0.00016
Amnibacterium	1029631	G	954	255	1209	0.00016
Gulosibacter	256818	G	858	273	1131	0.00015
Marisediminicola	1230698	G	832	115	947	0.00012
Diaminobutyricimonas	1433997	G	717	149	866	0.00011
Agreia	110934	G	584	78	662	0.00009
Glaciihabitans	1649454	G	568	50	618	0.00008
Aquiluna	529881	G	166	10	176	0.00002
Rhodoluna	529883	G	123	8	131	0.00002
Pseudoclavibacter	255204	G	185	39	224	0.00003
Aurantimicrobium	1705353	G	112	6	118	0.00002
Pontimonas	1434032	G	62	3	65	0.00001
Arthrobacter	1663	G	22183	5430	27613	0.00357
Kocuria	57493	G	6901	2291	9192	0.00119
Pseudarthrobacter	1742993	G	4497	1693	6190	0.00080
Micrococcus	1269	G	3157	2209	5366	0.00069
Sinomonas	596707	G	2606	750	3356	0.00043
Glutamicibacter	1742989	G	1965	697	2662	0.00034
Rothia	32207	G	1403	650	2053	0.00027
Paenarthrobacter	1742992	G	1201	760	1961	0.00025
Citricoccus	169133	G	1122	349	1471	0.00019
Nesterenkonia	57494	G	433	31	464	0.00006
Paeniglutamicibacter	1742990	G	222	39	261	0.00003
Psychromicrobium	2078575	G	176	26	202	0.00003
Neomicrococcus	1868332	G	127	59	186	0.00002
Auritidibacter	1160973	G	124	14	138	0.00002
Renibacterium	1645	G	107	7	114	0.00001
Cellulomonas	1707	G	25517	10895	36412	0.00471
Actinotalea	458839	G	1634	700	2334	0.00030
Pseudactinotalea	1926259	G	1282	221	1503	0.00019
Oerskovia	162491	G	1260	481	1741	0.00023
Paraoerskovia	665568	G	833	257	1090	0.00014
Janibacter	53457	G	4782	1639	6421	0.00083
Phycicoccus	367298	G	3865	1286	5151	0.00067
Intrasporangium	53357	G	2156	656	2812	0.00036
Pedococcus	2805645	G	2096	719	2815	0.00036
Tetrasphaera	99479	G	1641	498	2139	0.00028
Arsenicicoccus	267408	G	1555	696	2251	0.00029
Cellulosimicrobium	157920	G	8043	3915	11958	0.00155
Xylanimonas	186188	G	4055	1540	5595	0.00072
Isoptericola	254250	G	3174	1704	4878	0.00063
Ornithinimicrobium	125287	G	6750	1631	8381	0.00108
Serinicoccus	265976	G	4764	1496	6260	0.00081
Brachybacterium	43668	G	7826	1488	9314	0.00120
Dermabacter	36739	G	703	453	1156	0.00015
Devriesea	472568	G	132	8	140	0.00002
Brevibacterium	1696	G	8366	1919	10285	0.00133
Georgenia	154116	G	6733	2317	9050	0.00117
Dermacoccus	57495	G	1935	800	2735	0.00035
Luteipulveratus	745364	G	1339	217	1556	0.00020
Allobranchiibius	2040262	G	1101	281	1382	0.00018
Yimella	908935	G	699	162	861	0.00011
Ruania	626119	G	5094	703	5797	0.00075
Beutenbergia	84756	G	2084	412	2496	0.00032
Miniimonas	947525	G	1446	907	2353	0.00030
Pengzhenrongella	2888818	G	1944	643	2587	0.00033
Luteimicrobium	754249	G	1584	583	2167	0.00028
Sanguibacter	60919	G	2304	827	3131	0.00041
Gephyromycinifex	2885697	G	565	75	640	0.00008
Austwickia	1184606	G	497	44	541	0.00007
Dermatophilus	1862	G	127	13	140	0.00002
Kytococcus	57499	G	999	422	1421	0.00018
Demequina	577469	G	402	36	438	0.00006
Jonesia	43673	G	76	15	91	0.00001
Tropheryma	2038	G	49	0	49	0.00001
Mycolicibacterium	1866885	G	68399	13611	82010	0.01061
Mycobacterium	1763	G	59512	17607	77119	0.00998
Mycolicibacter	1073531	G	3947	1422	5369	0.00069
Mycobacteroides	670516	G	3327	708	4035	0.00052
Mycolicibacillus	2126281	G	764	212	976	0.00013
Hoyosella	697025	G	359	21	380	0.00005
Nocardia	1817	G	37141	7798	44939	0.00581
Rhodococcus	1827	G	35236	9985	45221	0.00585
Corynebacterium	1716	G	23099	5967	29066	0.00376
Gordonia	2053	G	16945	4136	21081	0.00273
Skermania	59613	G	824	107	931	0.00012
Tsukamurella	2060	G	5363	1511	6874	0.00089
Dietzia	37914	G	3456	989	4445	0.00058
Tomitella	741759	G	1970	450	2420	0.00031
Segniliparus	286801	G	513	31	544	0.00007
Lawsonella	1847725	G	68	8	76	0.00001
Micromonospora	1873	G	102801	28397	131198	0.01697
Actinoplanes	1865	G	42302	9436	51738	0.00669
Phytohabitans	907364	G	14353	2008	16361	0.00212
Catellatospora	53365	G	10397	2453	12850	0.00166
Plantactinospora	673534	G	8056	1410	9466	0.00122
Dactylosporangium	35753	G	7846	942	8788	0.00114
Actinocatenispora	390988	G	5916	805	6721	0.00087
Couchioplanes	56433	G	5360	1367	6727	0.00087
Polymorphospora	338583	G	3585	801	4386	0.00057
Natronosporangium	2920401	G	2115	158	2273	0.00029
Verrucosispora	84593	G	1452	980	2432	0.00031
Salinispora	168694	G	1188	195	1383	0.00018
Nocardioides	1839	G	148908	36298	185206	0.02396
Aeromicrobium	2040	G	11402	2567	13969	0.00181
Pimelobacter	2044	G	2561	1137	3698	0.00048
Marmoricola	86795	G	2403	1069	3472	0.00045
Friedmanniella	53387	G	2188	510	2698	0.00035
Mumia	1546255	G	1932	393	2325	0.00030
Micropruina	116071	G	1007	169	1176	0.00015
Microlunatus	29404	G	7222	936	8158	0.00106
Tessaracoccus	72763	G	7010	4183	11193	0.00145
Brevilactibacter	2717325	G	2678	1193	3871	0.00050
Propionibacterium	1743	G	2416	719	3135	0.00041
Acidipropionibacterium	1912215	G	2349	964	3313	0.00043
Auraticoccus	1278221	G	1608	334	1942	0.00025
Cutibacterium	1912216	G	1237	355	1592	0.00021
Arachnia	2801844	G	1134	96	1230	0.00016
Raineyella	1911549	G	982	149	1131	0.00015
Vaginimicrobium	2919589	G	58	25	83	0.00001
Kribbella	182639	G	7314	1262	8576	0.00111
Actinopolymorpha	117156	G	3499	451	3950	0.00051
Amycolatopsis	1813	G	56203	12739	68942	0.00892
Pseudonocardia	1847	G	52784	9864	62648	0.00810
Allokutzneria	1137960	G	32776	8490	41266	0.00534
Saccharopolyspora	1835	G	14626	3585	18211	0.00236
Saccharothrix	2071	G	10543	3152	13695	0.00177
Saccharomonospora	1851	G	8329	1568	9897	0.00128
Kutzneria	43356	G	6277	1412	7689	0.00099
Lentzea	165301	G	5583	1259	6842	0.00089
Actinoalloteichus	65496	G	4123	418	4541	0.00059
Actinosynnema	40566	G	3834	1244	5078	0.00066
Kibdelosporangium	2029	G	3574	463	4037	0.00052
Alloactinosynnema	674734	G	2271	540	2811	0.00036
Prauserella	142577	G	1857	179	2036	0.00026
Allosaccharopolyspora	2893576	G	1345	309	1654	0.00021
Nonomuraea	83681	G	46174	8866	55040	0.00712
Streptosporangium	2000	G	11220	2416	13636	0.00176
Thermobispora	147067	G	3694	941	4635	0.00060
Actinomadura	1988	G	46428	9799	56227	0.00727
Thermomonospora	2019	G	6247	2091	8338	0.00108
Nocardiopsis	2013	G	11065	2400	13465	0.00174
Thermobifida	83677	G	3490	792	4282	0.00055
Spiractinospora	2913367	G	1971	148	2119	0.00027
Streptomonospora	104204	G	1838	410	2248	0.00029
Blastococcus	38501	G	11872	3934	15806	0.00204
Modestobacter	88138	G	8034	2801	10835	0.00140
Geodermatophilus	1860	G	6297	2350	8647	0.00112
Actinomyces	1654	G	10343	1552	11895	0.00154
Schaalia	2529408	G	1519	292	1811	0.00023
Flaviflexus	1522056	G	856	221	1077	0.00014
Trueperella	1069494	G	750	269	1019	0.00013
Pauljensenia	2740557	G	400	157	557	0.00007
Nanchangia	2888879	G	331	41	372	0.00005
Actinotignum	1653174	G	167	12	179	0.00002
Actinobaculum	76833	G	153	9	162	0.00002
Arcanobacterium	28263	G	120	32	152	0.00002
Mobiluncus	2050	G	98	32	130	0.00002
Changpingibacter	2912996	G	97	31	128	0.00002
Varibaculum	184869	G	42	14	56	0.00001
Fannyhessea	2767327	G	32	11	43	0.00001
Boudabousia	2767318	G	27	2	29	0.00000
Frankia	1854	G	13324	1414	14738	0.00191
Jiangella	281472	G	11080	2220	13300	0.00172
Bifidobacterium	1678	G	6008	1686	7694	0.00100
Parascardovia	196082	G	106	23	129	0.00002
Gardnerella	2701	G	33	21	54	0.00001
Scardovia	196081	G	17	7	24	0.00000
Nakamurella	53460	G	4549	654	5203	0.00067
Catenulispora	414878	G	2964	484	3448	0.00045
Stackebrandtia	283810	G	1891	192	2083	0.00027
Natronoglycomyces	2838311	G	294	11	305	0.00004
Jatrophihabitans	1434010	G	2153	212	2365	0.00031
Kineococcus	33981	G	1669	518	2187	0.00028
Epidermidibacterium	2078948	G	1165	632	1797	0.00023
Actinopolyspora	1849	G	995	113	1108	0.00014
Acidothermus	28048	G	867	48	915	0.00012
Candidatus_Planktophila	622681	G	188	52	240	0.00003
Candidatus_Nanopelagicus	2039639	G	34	9	43	0.00001
Conexibacter	191494	G	49785	8185	57970	0.00750
Miltoncostaea	2843200	G	15202	2207	17409	0.00225
Rubrobacter	42255	G	24740	1157	25897	0.00335
Baekduia	2600304	G	14085	2704	16789	0.00217
Aquihabitans	1648491	G	10784	2019	12803	0.00166
Iamia	467975	G	5786	1017	6803	0.00088
Actinomarinicola	2789775	G	5691	1236	6927	0.00090
Ilumatobacter	682522	G	2406	167	2573	0.00033
Acidimicrobium	53634	G	927	81	1008	0.00013
Eggerthella	84111	G	1455	537	1992	0.00026
Gordonibacter	644652	G	734	390	1124	0.00015
Adlercreutzia	447020	G	656	176	832	0.00011
Arabiibacter	2005386	G	650	157	807	0.00010
Berryella	2815775	G	356	464	820	0.00011
Raoultibacter	1926677	G	334	32	366	0.00005
Slackia	84108	G	244	8	252	0.00003
Denitrobacterium	79603	G	185	90	275	0.00004
Phoenicibacter	1981050	G	50	26	76	0.00001
Cryptobacterium	84162	G	39	5	44	0.00001
Olsenella	133925	G	1152	243	1395	0.00018
Parolsenella	2082587	G	744	296	1040	0.00013
Parafannyhessea	2847312	G	424	297	721	0.00009
Thermophilibacter	2847307	G	400	190	590	0.00008
Atopobium	1380	G	85	10	95	0.00001
Lancefieldella	2767353	G	26	3	29	0.00000
Collinsella	102106	G	967	311	1278	0.00017
Coriobacterium	33870	G	247	9	256	0.00003
Egicoccus	1755825	G	2563	468	3031	0.00039
Egibacter	1747770	G	2428	171	2599	0.00034
Euzebya	908623	G	2420	242	2662	0.00034
Priestia	2800373	G	18692	17708	36400	0.00471
Bacillus	1386	G	15781	50390	66171	0.00856
Cytobacillus	2675230	G	2828	1253	4081	0.00053
Peribacillus	2675229	G	2205	1144	3349	0.00043
Neobacillus	2675232	G	1860	837	2697	0.00035
Metabacillus	2675233	G	1855	734	2589	0.00034
Geobacillus	129337	G	1363	443	1806	0.00023
Alkalihalobacillus	2675234	G	1095	291	1386	0.00018
Hydrogenibacillus	1609627	G	996	147	1143	0.00015
Mesobacillus	2675231	G	860	253	1113	0.00014
Anoxybacillus	150247	G	855	229	1084	0.00014
Lysinibacillus	400634	G	851	300	1151	0.00015
Niallia	2837506	G	500	140	640	0.00008
Fictibacillus	1329200	G	492	82	574	0.00007
Parageobacillus	1906945	G	477	136	613	0.00008
Terribacillus	459532	G	396	65	461	0.00006
Oceanobacillus	182709	G	396	53	449	0.00006
Virgibacillus	84406	G	392	54	446	0.00006
Rossellomorea	2837508	G	349	151	500	0.00006
Gottfriedia	2837503	G	292	98	390	0.00005
Halobacillus	45667	G	268	35	303	0.00004
Heyndrickxia	2837504	G	242	89	331	0.00004
Salicibibacter	2685905	G	216	12	228	0.00003
Sutcliffiella	2837511	G	213	80	293	0.00004
Weizmannia	2817139	G	192	89	281	0.00004
Gracilibacillus	74385	G	174	20	194	0.00003
Salisediminibacterium	1434042	G	133	20	153	0.00002
Psychrobacillus	1221880	G	125	52	177	0.00002
Lederbergia	2804231	G	106	30	136	0.00002
Lentibacillus	175304	G	86	6	92	0.00001
Radiobacillus	2785518	G	84	17	101	0.00001
Pontibacillus	289201	G	84	12	96	0.00001
Anaerobacillus	704093	G	84	22	106	0.00001
Caldibacillus	1276290	G	78	31	109	0.00001
Aeribacillus	1055323	G	76	41	117	0.00002
Caldalkalibacillus	379065	G	72	15	87	0.00001
Sediminibacillus	482460	G	71	14	85	0.00001
Halalkalibacterium	2893055	G	62	47	109	0.00001
Alkalihalophilus	2893060	G	62	12	74	0.00001
Pradoshia	2651279	G	61	20	81	0.00001
Salimicrobium	351195	G	50	8	58	0.00001
Evansella	2837485	G	48	8	56	0.00001
Paraliobacillus	200903	G	48	9	57	0.00001
Mangrovibacillus	2920444	G	47	28	75	0.00001
Amphibacillus	29331	G	26	5	31	0.00000
Paenibacillus	44249	G	21252	2300	23552	0.00305
Brevibacillus	55080	G	2316	445	2761	0.00036
Cohnella	329857	G	1384	252	1636	0.00021
Thermobacillus	76632	G	957	159	1116	0.00014
Saccharibacillus	456492	G	577	78	655	0.00008
Aneurinibacillus	55079	G	297	73	370	0.00005
Alicyclobacillus	29330	G	1461	116	1577	0.00020
Tumebacillus	432330	G	1017	379	1396	0.00018
Kyrpidia	1129704	G	472	25	497	0.00006
Effusibacillus	1502725	G	89	13	102	0.00001
Polycladomyces	1348505	G	575	60	635	0.00008
Staphylospora	2689589	G	280	49	329	0.00004
Kroppenstedtia	1274351	G	258	24	282	0.00004
Novibacillus	1677050	G	210	31	241	0.00003
Laceyella	292635	G	110	28	138	0.00002
Thermoactinomyces	2023	G	102	22	124	0.00002
Planococcus	1372	G	772	227	999	0.00013
Sporosarcina	1569	G	335	86	421	0.00005
Solibacillus	648800	G	119	53	172	0.00002
Ureibacillus	160795	G	61	52	113	0.00001
Paenisporosarcina	651660	G	47	21	68	0.00001
Rummeliibacillus	648802	G	40	22	62	0.00001
Jeotgalibacillus	157226	G	35	13	48	0.00001
Viridibacillus	496496	G	34	13	47	0.00001
Kurthia	1649	G	29	14	43	0.00001
Staphylococcus	1279	G	511	637	1148	0.00015
Macrococcus	69965	G	89	27	116	0.00002
Mammaliicoccus	2803850	G	58	32	90	0.00001
Jeotgalicoccus	227979	G	51	7	58	0.00001
Salinicoccus	45669	G	39	13	52	0.00001
Exiguobacterium	33986	G	613	184	797	0.00010
Gemella	1378	G	26	4	30	0.00000
Listeria	1637	G	194	134	328	0.00004
Brochothrix	2755	G	19	7	26	0.00000
Sporolactobacillus	2077	G	68	10	78	0.00001
Limosilactobacillus	2742598	G	303	230	533	0.00007
Lactobacillus	1578	G	228	350	578	0.00007
Levilactobacillus	2767886	G	203	61	264	0.00003
Lacticaseibacillus	2759736	G	200	56	256	0.00003
Ligilactobacillus	2767887	G	88	56	144	0.00002
Lactiplantibacillus	2767842	G	85	28	113	0.00001
Schleiferilactobacillus	2767891	G	85	10	95	0.00001
Weissella	46255	G	83	18	101	0.00001
Leuconostoc	1243	G	79	12	91	0.00001
Lentilactobacillus	2767893	G	52	16	68	0.00001
Secundilactobacillus	2767892	G	44	16	60	0.00001
Companilactobacillus	2767879	G	40	5	45	0.00001
Oenococcus	46254	G	39	2	41	0.00001
Latilactobacillus	2767885	G	37	29	66	0.00001
Pediococcus	1253	G	34	16	50	0.00001
Loigolactobacillus	2767889	G	29	14	43	0.00001
Liquorilactobacillus	2767888	G	21	10	31	0.00000
Paucilactobacillus	2767890	G	18	7	25	0.00000
Periweissella	2930384	G	15	2	17	0.00000
Amylolactobacillus	2767876	G	12	11	23	0.00000
Streptococcus	1301	G	512	895	1407	0.00018
Lactococcus	1357	G	104	51	155	0.00002
Enterococcus	1350	G	243	243	486	0.00006
Vagococcus	2737	G	70	53	123	0.00002
Tetragenococcus	51668	G	25	6	31	0.00000
Carnobacterium	2747	G	67	18	85	0.00001
Jeotgalibaca	1470540	G	62	31	93	0.00001
Dolosigranulum	29393	G	25	9	34	0.00000
Marinilactibacillus	191769	G	13	6	19	0.00000
Aerococcus	1375	G	97	29	126	0.00002
Ignavigranum	89092	G	16	2	18	0.00000
Suicoccus	2689587	G	14	9	23	0.00000
Abiotrophia	46123	G	12	3	15	0.00000
Thermaerobacter	73918	G	4116	333	4449	0.00058
Intestinimonas	1392389	G	243	101	344	0.00004
Emergencia	1926556	G	117	47	164	0.00002
Aminipila	2060094	G	71	6	77	0.00001
Mogibacterium	86331	G	21	2	23	0.00000
Flintibacter	1918454	G	159	21	180	0.00002
Carboxydocella	178898	G	91	9	100	0.00001
Massilistercora	2717089	G	77	89	166	0.00002
Faecalibacterium	216851	G	1010	771	1781	0.00023
Dysosmobacter	2591381	G	590	305	895	0.00012
Flavonifractor	946234	G	538	156	694	0.00009
Ethanoligenens	253238	G	277	17	294	0.00004
Vescimonas	2892396	G	251	295	546	0.00007
Caproiciproducens	1738645	G	235	34	269	0.00003
Ruthenibacterium	1905344	G	235	79	314	0.00004
Anaerotruncus	244127	G	178	109	287	0.00004
Oscillibacter	459786	G	160	56	216	0.00003
Acutalibacter	1918385	G	141	7	148	0.00002
Ruminococcus	1263	G	136	6	142	0.00002
Caproicibacter	2576755	G	124	8	132	0.00002
Pusillibacter	2892397	G	110	82	192	0.00002
Caproicibacterium	2834348	G	87	7	94	0.00001
Solibaculum	2842531	G	62	68	130	0.00002
Acetivibrio	35829	G	52	16	68	0.00001
Monoglobus	2039302	G	37	21	58	0.00001
Thermoclostridium	2304691	G	30	10	40	0.00001
Pseudoclostridium	2304693	G	26	6	32	0.00000
Ruminiclostridium	1508657	G	25	6	31	0.00000
Mageeibacillus	1637257	G	10	14	24	0.00000
Fastidiosipila	236752	G	10	7	17	0.00000
Clostridium	1485	G	1433	360	1793	0.00023
Alkaliphilus	114627	G	64	11	75	0.00001
Hungatella	1649459	G	62	2	64	0.00001
Geosporobacter	390805	G	34	6	40	0.00001
Crassaminicella	1848399	G	33	8	41	0.00001
Serpentinicella	1890059	G	15	2	17	0.00000
Candidatus_Arthromitus	49082	G	12	0	12	0.00000
Caloramator	44258	G	11	1	12	0.00000
Symbiobacterium	2733	G	1705	158	1863	0.00024
Lachnoclostridium	1506553	G	252	155	407	0.00005
Blautia	572511	G	217	343	560	0.00007
Roseburia	841	G	104	86	190	0.00002
Anaerocolumna	1843210	G	102	4	106	0.00001
Enterocloster	2719313	G	88	57	145	0.00002
Anaerostipes	207244	G	75	27	102	0.00001
Coprococcus	33042	G	66	61	127	0.00002
Lacrimispora	2719231	G	56	4	60	0.00001
Butyrivibrio	830	G	50	7	57	0.00001
Anaerotignum	2039240	G	43	4	47	0.00001
Mediterraneibacter	2316020	G	25	21	46	0.00001
Sellimonas	1769710	G	21	12	33	0.00000
Cellulosilyticum	698776	G	17	1	18	0.00000
Faecalicatena	2005359	G	17	9	26	0.00000
Dorea	189330	G	16	17	33	0.00000
Anaerobutyricum	2569097	G	15	5	20	0.00000
Novisyntrophococcus	2888809	G	14	1	15	0.00000
Herbinix	1663717	G	10	7	17	0.00000
Candidatus_Desulforudis	471826	G	415	22	437	0.00006
Desulforamulus	2916693	G	170	43	213	0.00003
Acididesulfobacillus	2924872	G	118	5	123	0.00002
Candidatus_Formimonas	2840454	G	90	6	96	0.00001
Thermanaerosceptrum	2651578	G	56	9	65	0.00001
Desulfofarcimen	2282742	G	46	5	51	0.00001
Dehalobacterium	51514	G	30	6	36	0.00000
Christensenella	990721	G	540	254	794	0.00010
Heliomicrobium	2831443	G	438	215	653	0.00008
Heliorestis	79598	G	35	2	37	0.00000
Desulfitobacterium	36853	G	145	31	176	0.00002
Desulfosporosinus	79206	G	137	18	155	0.00002
Dehalobacter	56112	G	70	11	81	0.00001
Syntrophobotulus	51196	G	37	3	40	0.00001
Eubacterium	1730	G	247	74	321	0.00004
Acetobacterium	33951	G	114	14	128	0.00002
Alkalibacter	274470	G	41	2	43	0.00001
Peptoclostridium	1481960	G	42	7	49	0.00001
Clostridioides	1870884	G	40	671	711	0.00009
Terrisporobacter	1505652	G	34	5	39	0.00001
Romboutsia	1501226	G	20	5	25	0.00000
Tepidibacter	214904	G	19	4	23	0.00000
Acetoanaerobium	186831	G	12	1	13	0.00000
Syntrophothermus	129001	G	78	7	85	0.00001
Candidatus_Contubernalis	338648	G	42	2	44	0.00001
Syntrophomonas	862	G	27	5	32	0.00000
Candidatus_Syntrophocurvum	2293313	G	11	2	13	0.00000
Desulfoscipio	2867376	G	91	8	99	0.00001
Thermincola	278993	G	77	7	84	0.00001
Desulfotomaculum	1562	G	52	22	74	0.00001
Caloranaerobacter	171003	G	37	5	42	0.00001
Vallitalea	1348611	G	21	0	21	0.00000
Petrocella	2603323	G	12	1	13	0.00000
Alkalicella	2838170	G	11	1	12	0.00000
Moorella	44260	G	715	24	739	0.00010
Ammonifex	42837	G	283	10	293	0.00004
Gelria	189326	G	575	44	619	0.00008
Thermacetogenium	140458	G	279	251	530	0.00007
Carboxydothermus	129957	G	95	8	103	0.00001
Thermoanaerobacter	1754	G	66	23	89	0.00001
Thermanaeromonas	202949	G	51	1	52	0.00001
Caldanaerobacter	249529	G	42	44	86	0.00001
Caldicellulosiruptor	44000	G	89	11	100	0.00001
Thermoanaerobacterium	28895	G	46	12	58	0.00001
Zhaonella	2748674	G	65	10	75	0.00001
Mahella	252965	G	48	24	72	0.00001
Thermodesulfobium	227388	G	40	0	40	0.00001
Iocasia	2899804	G	55	4	59	0.00001
Halothermothrix	32636	G	26	3	29	0.00000
Halanaerobium	2330	G	21	2	23	0.00000
Halobacteroides	42417	G	56	8	64	0.00001
Acetohalobium	28186	G	17	1	18	0.00000
Anoxybacter	1769008	G	51	10	61	0.00001
Biomaibacter	2770094	G	69	7	76	0.00001
Tepidanaerobacter	499228	G	12	0	12	0.00000
Thermosediminibacter	291988	G	79	9	88	0.00001
Natranaerofaba	2807497	G	50	2	52	0.00001
Natranaerobius	375928	G	30	3	33	0.00000
Koleobacter	2786989	G	72	6	78	0.00001
Selenomonas	970	G	1711	101	1812	0.00023
Megamonas	158846	G	22	2	24	0.00000
Pectinatus	864	G	16	1	17	0.00000
Sporomusa	2375	G	92	12	104	0.00001
Methylomusa	2093783	G	60	4	64	0.00001
Pelosinus	365348	G	57	6	63	0.00001
Megasphaera	906	G	393	170	563	0.00007
Dialister	39948	G	58	1	59	0.00001
Veillonella	29465	G	48	5	53	0.00001
Acidaminococcus	904	G	136	15	151	0.00002
Phascolarctobacterium	33024	G	88	32	120	0.00002
Limnochorda	1676651	G	1652	72	1724	0.00022
Peptoniphilus	162289	G	88	33	121	0.00002
Murdochiella	1161127	G	54	58	112	0.00001
Anaerococcus	165779	G	35	28	63	0.00001
Parvimonas	543311	G	14	25	39	0.00001
Finegoldia	150022	G	13	12	25	0.00000
Gudongella	2692382	G	21	4	25	0.00000
Tissierella	41273	G	18	4	22	0.00000
Keratinibaculum	1354809	G	16	8	24	0.00000
Gottschalkia	1505664	G	47	5	52	0.00001
Ezakiella	1582879	G	62	119	181	0.00002
Sedimentibacter	190972	G	18	2	20	0.00000
Faecalibaculum	1729679	G	86	24	110	0.00001
Allobaculum	174708	G	84	13	97	0.00001
Erysipelothrix	1647	G	42	3	45	0.00001
Erysipelatoclostridium	1505663	G	36	30	66	0.00001
Intestinibaculum	2679910	G	22	9	31	0.00000
Faecalitalea	1573534	G	11	25	36	0.00000
Turicibacter	191303	G	31	15	46	0.00001
Ndongobacter	1930845	G	61	79	140	0.00002
Roseiflexus	120961	G	4954	327	5281	0.00068
Chloroflexus	1107	G	1445	72	1517	0.00020
Sphaerobacter	2056	G	4830	340	5170	0.00067
Thermomicrobium	499	G	1113	28	1141	0.00015
Tepidiforma	2682228	G	3621	167	3788	0.00049
Candidatus_Promineofilum	1988031	G	2772	61	2833	0.00037
Anaerolinea	233189	G	1083	126	1209	0.00016
Pelolinea	1649478	G	691	37	728	0.00009
Brevefilum	2019482	G	291	12	303	0.00004
Caldilinea	233191	G	1562	118	1680	0.00022
Dehalogenimonas	670486	G	615	23	638	0.00008
Dehalococcoides	61434	G	254	6	260	0.00003
Ktedonosporobacter	2692417	G	749	26	775	0.00010
Phototrophicus	2922426	G	641	8	649	0.00008
Thermobaculum	262406	G	520	87	607	0.00008
Deinococcus	1298	G	14669	782	15451	0.00200
Thermus	270	G	2937	258	3195	0.00041
Meiothermus	65551	G	1546	105	1651	0.00021
Oceanithermus	208447	G	1431	171	1602	0.00021
Marinithermus	186191	G	998	182	1180	0.00015
Truepera	332248	G	1279	81	1360	0.00018
Synechococcus	1129	G	6724	779	7503	0.00097
Dactylococcopsis	13034	G	27	14	41	0.00001
Cyanobium	167375	G	1401	365	1766	0.00023
Parasynechococcus	2881427	G	119	41	160	0.00002
Prochlorococcus	1218	G	98	5	103	0.00001
Acaryochloris	155977	G	155	5	160	0.00002
Chamaesiphon	217161	G	136	10	146	0.00002
Synechocystis	1142	G	113	5	118	0.00002
Nostoc	1177	G	1603	332	1935	0.00025
Anabaena	1163	G	93	340	433	0.00006
Cylindrospermum	56106	G	57	7	64	0.00001
Trichormus	264688	G	46	6	52	0.00001
Richelia	98443	G	18	2	20	0.00000
Calothrix	1186	G	734	85	819	0.00011
Scytonema	1203	G	342	63	405	0.00005
Brasilonema	383614	G	54	7	61	0.00001
Sphaerospermopsis	752201	G	133	29	162	0.00002
Nodularia	159191	G	87	16	103	0.00001
Dolichospermum	748770	G	65	230	295	0.00004
Anabaenopsis	110103	G	38	23	61	0.00001
Cylindrospermopsis	77021	G	11	1	12	0.00000
Tolypothrix	111782	G	132	40	172	0.00002
Fischerella	1190	G	122	21	143	0.00002
Rivularia	373984	G	34	2	36	0.00000
Leptolyngbya	47251	G	1552	115	1667	0.00022
Kovacikia	1874526	G	266	34	300	0.00004
Leptothermofonsia	2917830	G	120	11	131	0.00002
Leptodesmis	2664261	G	118	13	131	0.00002
Thermoleptolyngbya	2303528	G	297	40	337	0.00004
Thermosynechococcus	146785	G	204	25	229	0.00003
Halomicronema	170610	G	194	10	204	0.00003
Pseudanabaena	1152	G	153	9	162	0.00002
Geitlerinema	63132	G	563	110	673	0.00009
Allocoleopsis	2886347	G	94	13	107	0.00001
Moorena	1155738	G	416	13	429	0.00006
Oscillatoria	1158	G	180	61	241	0.00003
Oxynema	1492710	G	162	18	180	0.00002
Microcoleus	44471	G	93	28	121	0.00002
Planktothrix	54304	G	35	4	39	0.00001
Koinonema	2023214	G	94	6	100	0.00001
Crinalium	241421	G	43	7	50	0.00001
Limnospira	2596745	G	40	5	45	0.00001
Microcystis	1125	G	246	85	331	0.00004
Halothece	76023	G	52	22	74	0.00001
Euhalothece	65097	G	11	2	13	0.00000
Gloeothece	28070	G	56	4	60	0.00001
Crocosphaera	263510	G	35	4	39	0.00001
Rippkaea	2546365	G	34	5	39	0.00001
Candidatus_Atelocyanobacterium	1453359	G	14	4	18	0.00000
Geminocystis	669357	G	75	12	87	0.00001
Gloeocapsa	102231	G	46	6	52	0.00001
Chondrocystis	268175	G	44	8	52	0.00001
Cyanobacterium	102234	G	35	14	49	0.00001
Gloeobacter	33071	G	2133	59	2192	0.00028
Anthocerotibacter	2857076	G	195	6	201	0.00003
Chroococcidiopsis	54298	G	367	78	445	0.00006
Pleurocapsa	44474	G	93	14	107	0.00001
Stanieria	102115	G	51	5	56	0.00001
Gloeomargarita	1188227	G	101	4	105	0.00001
Thermostichus	2881385	G	34	34	68	0.00001
Fimbriimonas	1005038	G	1793	10	1803	0.00023
Chthonomonas	1077265	G	533	4	537	0.00007
Mycoplasma	2093	G	110	80	190	0.00002
Mycoplasmopsis	2767358	G	31	11	42	0.00001
Mesomycoplasma	2923352	G	19	1	20	0.00000
Alteracholeplasma	2903105	G	31	5	36	0.00000
Candidatus_Phytoplasma	33926	G	27	2	29	0.00000
Acholeplasma	2147	G	14	1	15	0.00000
Spiroplasma	2132	G	56	5	61	0.00001
Metamycoplasma	2895509	G	23	5	28	0.00000
Gemmata	113	G	23615	2329	25944	0.00336
Urbifossiella	2807415	G	21312	2117	23429	0.00303
Frigoriglobus	2774146	G	12862	2253	15115	0.00196
Limnoglobus	2731450	G	9632	515	10147	0.00131
Tuwongella	2051044	G	958	48	1006	0.00013
Telmatocola	1382832	G	850	10	860	0.00011
Lacipirellula	2691417	G	12945	1014	13959	0.00181
Pirellulimonas	2795783	G	4042	496	4538	0.00059
Botrimarina	2795782	G	3642	384	4026	0.00052
Aeoliella	2795781	G	1401	131	1532	0.00020
Adhaeretor	2862451	G	780	86	866	0.00011
Bythopirellula	1400386	G	736	60	796	0.00010
Anatilimnocola	2807414	G	2461	307	2768	0.00036
Lignipirellula	2795775	G	2411	312	2723	0.00035
Stieleria	2795973	G	2322	315	2637	0.00034
Rosistilla	2795779	G	2056	173	2229	0.00029
Bremerella	2714594	G	1616	143	1759	0.00023
Pirellula	123	G	1532	60	1592	0.00021
Roseimaritima	1579506	G	1252	93	1345	0.00017
Rubripirellula	1579505	G	561	125	686	0.00009
Mariniblastus	2005380	G	432	9	441	0.00006
Aureliella	2795605	G	411	37	448	0.00006
Rhodopirellula	265488	G	389	32	421	0.00005
Thermogutta	1676125	G	469	17	486	0.00006
Planctomyces	118	G	10650	2830	13480	0.00174
Caulifigura	2795778	G	4510	355	4865	0.00063
Gimesia	1649453	G	3699	240	3939	0.00051
Maioricimonas	2795777	G	3147	480	3627	0.00047
Alienimonas	2714737	G	2925	259	3184	0.00041
Symmachiella	2795780	G	1224	87	1311	0.00017
Rubinisphaera	1649490	G	767	93	860	0.00011
Calycomorphotria	2795776	G	629	28	657	0.00009
Fuerstiella	1936111	G	606	13	619	0.00008
Planctopirus	1649480	G	605	29	634	0.00008
Crateriforma	2714592	G	539	141	680	0.00009
Polystyrenella	2795774	G	237	25	262	0.00003
Thalassoglobus	2795865	G	191	12	203	0.00003
Tautonia	2680020	G	9583	989	10572	0.00137
Aquisphaera	1511635	G	8990	1849	10839	0.00140
Paludisphaera	1763521	G	5650	1529	7179	0.00093
Singulisphaera	466152	G	3929	713	4642	0.00060
Isosphaera	127	G	1088	97	1185	0.00015
Humisphaera	2807511	G	5196	154	5350	0.00069
Phycisphaera	666508	G	2142	199	2341	0.00030
Mucisphaera	2913022	G	1101	70	1171	0.00015
Poriferisphaera	2803301	G	134	1	135	0.00002
Anaerohalosphaera	2690159	G	212	8	220	0.00003
Limihaloglobus	2690160	G	86	8	94	0.00001
Sedimentisphaera	2483368	G	63	34	97	0.00001
Candidatus_Kuenenia	380738	G	91	0	91	0.00001
Candidatus_Uabimicrobium	2897349	G	66	1	67	0.00001
Opitutus	178440	G	7193	674	7867	0.00102
Lacunisphaera	1961799	G	2723	440	3163	0.00041
Oleiharenicola	2100741	G	1897	116	2013	0.00026
Nibricoccus	2576890	G	1851	96	1947	0.00025
Ereboglobus	2028344	G	1114	63	1177	0.00015
Ruficoccus	2175957	G	473	71	544	0.00007
Coraliomargarita	442430	G	113	3	116	0.00002
Roseimicrobium	1348508	G	2725	88	2813	0.00036
Verrucomicrobium	2735	G	2488	211	2699	0.00035
Luteolibacter	518753	G	2153	80	2233	0.00029
Sulfuriroseicoccus	2911469	G	257	24	281	0.00004
Akkermansia	239934	G	750	52	802	0.00010
Methylacidimicrobium	1541670	G	774	74	848	0.00011
Candidatus_Xiphinematobacter	134550	G	88	7	95	0.00001
Methylacidiphilum	511745	G	78	3	81	0.00001
Kiritimatiella	1921784	G	486	713	1199	0.00016
Tichowtungia	2907187	G	196	9	205	0.00003
Candidatus_Protochlamydia	282132	G	43	9	52	0.00001
Neochlamydia	112987	G	21	3	24	0.00000
Parachlamydia	83551	G	18	4	22	0.00000
Simkania	34093	G	28	2	30	0.00000
Waddlia	71666	G	26	3	29	0.00000
Candidatus_Rhabdochlamydia	292833	G	21	1	22	0.00000
Chlamydia	810	G	53	18	71	0.00001
Candidatus_Velamenicoccus	2789201	G	162	0	162	0.00002
Flavobacterium	237	G	16393	1289	17682	0.00229
Capnocytophaga	1016	G	305	35	340	0.00004
Muricauda	111500	G	273	37	310	0.00004
Gramella	292691	G	214	23	237	0.00003
Robiginitalea	252306	G	185	10	195	0.00003
Polaribacter	52959	G	157	18	175	0.00002
Nonlabens	363408	G	129	14	143	0.00002
Winogradskyella	286104	G	111	16	127	0.00002
Aequorivita	153265	G	96	2	98	0.00001
Maribacter	252356	G	87	18	105	0.00001
Antarcticibacterium	2058174	G	82	8	90	0.00001
Formosa	225842	G	81	11	92	0.00001
Myroides	76831	G	76	17	93	0.00001
Sinomicrobium	1434045	G	75	2	77	0.00001
Salegentibacter	143222	G	70	29	99	0.00001
Kordia	221065	G	68	3	71	0.00001
Tenacibaculum	104267	G	60	9	69	0.00001
Cellulophaga	104264	G	60	9	69	0.00001
Aquimarina	290174	G	50	2	52	0.00001
Zunongwangia	417127	G	40	18	58	0.00001
Flagellimonas	444459	G	38	2	40	0.00001
Dokdonia	326319	G	37	2	39	0.00001
Algibacter	261827	G	36	7	43	0.00001
Arenibacter	178469	G	32	6	38	0.00001
Zobellia	112040	G	32	1	33	0.00000
Leeuwenhoekiella	283735	G	32	4	36	0.00000
Aggregatimonas	2913017	G	31	1	32	0.00000
Lacinutrix	291183	G	31	5	36	0.00000
Lutibacter	358023	G	29	2	31	0.00000
Changchengzhania	2049301	G	26	2	28	0.00000
Zhouia	561555	G	24	4	28	0.00000
Tamlana	393005	G	24	2	26	0.00000
Gilvibacter	379070	G	24	2	26	0.00000
Psychroflexus	83612	G	23	1	24	0.00000
Costertonia	343334	G	23	3	26	0.00000
Aegicerativicinus	2893197	G	22	1	23	0.00000
Pukyongia	2831916	G	22	1	23	0.00000
Euzebyella	1287916	G	21	7	28	0.00000
Mariniflexile	527198	G	20	1	21	0.00000
Constantimarinum	2907134	G	19	1	20	0.00000
Mesoflavibacter	444051	G	18	1	19	0.00000
Seonamhaeicola	1649495	G	17	1	18	0.00000
Amniculibacterium	2715289	G	16	15	31	0.00000
Galbibacter	379068	G	15	1	16	0.00000
Urechidicola	2700084	G	13	4	17	0.00000
Oceanihabitans	2045416	G	13	3	16	0.00000
Olleya	336276	G	13	9	22	0.00000
Siansivirga	1204360	G	13	2	15	0.00000
Muriicola	762641	G	13	0	13	0.00000
Sediminicola	389486	G	13	1	14	0.00000
Marixanthomonas	387658	G	13	2	15	0.00000
Gillisia	244698	G	12	2	14	0.00000
Sabulilitoribacter	1573059	G	10	1	11	0.00000
Flavivirga	1209327	G	10	0	10	0.00000
Croceibacter	216431	G	10	1	11	0.00000
Chryseobacterium	59732	G	1194	386	1580	0.00020
Kaistella	2782231	G	134	17	151	0.00002
Epilithonimonas	2782229	G	36	43	79	0.00001
Elizabethkingia	308865	G	139	57	196	0.00003
Apibacter	1778601	G	60	4	64	0.00001
Empedobacter	59734	G	51	22	73	0.00001
Cruoricaptor	1433995	G	50	7	57	0.00001
Cloacibacterium	501783	G	35	16	51	0.00001
Ornithobacterium	28250	G	31	26	57	0.00001
Weeksella	1013	G	27	13	40	0.00001
Bergeyella	59735	G	18	3	21	0.00000
Riemerella	34084	G	16	7	23	0.00000
Blattabacterium	34098	G	93	8	101	0.00001
Fluviicola	332102	G	57	3	60	0.00001
Crocinitomix	246873	G	35	1	36	0.00000
Owenweeksia	267986	G	30	4	34	0.00000
Croceimicrobium	2828338	G	26	7	33	0.00000
Candidatus_Sulcia	336809	G	14	4	18	0.00000
Ichthyobacterium	1755829	G	11	0	11	0.00000
Hymenobacter	89966	G	10806	476	11282	0.00146
Pontibacter	323449	G	2390	246	2636	0.00034
Rufibacter	1379908	G	415	106	521	0.00007
Adhaeribacter	299566	G	215	14	229	0.00003
Nibribacter	1649474	G	111	69	180	0.00002
Dyadobacter	120831	G	1546	92	1638	0.00021
Fibrella	861914	G	567	35	602	0.00008
Runella	105	G	306	9	315	0.00004
Larkinella	332157	G	107	6	113	0.00001
Leadbetterella	319458	G	43	20	63	0.00001
Arcticibacterium	2173039	G	21	1	22	0.00000
Spirosoma	107	G	2137	94	2231	0.00029
Rhodocytophaga	455076	G	112	3	115	0.00001
Cytophaga	978	G	51	3	54	0.00001
Aquirufa	2676247	G	46	5	51	0.00001
Algoriphagus	246875	G	483	50	533	0.00007
Echinicola	390846	G	272	35	307	0.00004
Cyclobacterium	68288	G	56	5	61	0.00001
Aquiflexum	280472	G	45	5	50	0.00001
Belliella	232244	G	34	14	48	0.00001
Mongoliitalea	1511649	G	22	2	24	0.00000
Chryseolinea	1433993	G	668	19	687	0.00009
Fulvivirga	396811	G	184	9	193	0.00002
Candidatus_Cardinium	273135	G	28	16	44	0.00001
Candidatus_Amoebophilus	281119	G	28	0	28	0.00000
Flammeovirga	59739	G	53	3	56	0.00001
Marivirga	869806	G	37	11	48	0.00001
Mangrovivirga	2858886	G	35	2	37	0.00000
Bernardetia	1937972	G	24	1	25	0.00000
Chitinophaga	79328	G	2528	171	2699	0.00035
Niastella	354354	G	1337	146	1483	0.00019
Flavisolibacter	398041	G	1094	100	1194	0.00015
Pseudocnuella	2812019	G	661	83	744	0.00010
Flavihumibacter	1004301	G	573	34	607	0.00008
Paraflavitalea	2698688	G	553	44	597	0.00008
Pseudobacter	1860196	G	527	47	574	0.00007
Lacibacter	649461	G	428	20	448	0.00006
Niabella	379899	G	414	32	446	0.00006
Arachidicoccus	1769012	G	332	41	373	0.00005
Phnomibacter	2836216	G	246	30	276	0.00004
Panacibacter	1874621	G	233	11	244	0.00003
Ferruginibacter	1004303	G	218	13	231	0.00003
Filimonas	649460	G	197	24	221	0.00003
Rhodocaloribacter	2893090	G	3308	348	3656	0.00047
Rhodothermus	29548	G	2740	157	2897	0.00037
Salinibacter	146918	G	1828	30	1858	0.00024
Alistipes	239759	G	2621	855	3476	0.00045
Prevotella	838	G	991	124	1115	0.00014
Paraprevotella	577309	G	41	36	77	0.00001
Pseudoprevotella	2884814	G	40	4	44	0.00001
Bacteroides	816	G	772	343	1115	0.00014
Phocaeicola	909656	G	158	80	238	0.00003
Tannerella	195950	G	316	17	333	0.00004
Parabacteroides	375288	G	215	127	342	0.00004
Sodaliphilus	2815786	G	159	76	235	0.00003
Duncaniella	2518495	G	129	4	133	0.00002
Muribaculum	1918540	G	118	10	128	0.00002
Porphyromonas	836	G	390	41	431	0.00006
Proteiniphilum	294702	G	65	2	67	0.00001
Petrimonas	307628	G	65	2	67	0.00001
Dysgonomonas	156973	G	14	0	14	0.00000
Butyricimonas	574697	G	72	30	102	0.00001
Odoribacter	283168	G	37	4	41	0.00001
Barnesiella	397864	G	88	110	198	0.00003
Coprobacter	1348911	G	10	8	18	0.00000
Paludibacter	346096	G	28	0	28	0.00000
Salinivirga	1970191	G	22	0	22	0.00000
Tenuifilum	2760873	G	22	0	22	0.00000
Draconibacterium	1471399	G	63	4	67	0.00001
Maribellus	2678352	G	29	2	31	0.00000
Labilibaculum	2060722	G	31	2	33	0.00000
Alkalitalea	1193324	G	15	1	16	0.00000
Mucilaginibacter	423349	G	1521	105	1626	0.00021
Pedobacter	84567	G	682	53	735	0.00010
Sphingobacterium	28453	G	581	297	878	0.00011
Anseongella	1773450	G	124	5	129	0.00002
Olivibacter	376469	G	97	9	106	0.00001
Solitalea	929509	G	82	6	88	0.00001
Pseudopedobacter	1649482	G	35	31	66	0.00001
Haliscomenobacter	2349	G	168	2	170	0.00002
Saprospira	1007	G	32	1	33	0.00000
Candidatus_Sulfidibacterium	2923290	G	63	2	65	0.00001
Chlorobaculum	256319	G	1166	85	1251	0.00016
Pelodictyon	1099	G	300	43	343	0.00004
Chlorobium	1091	G	228	25	253	0.00003
Prosthecochloris	1101	G	460	31	491	0.00006
Chloroherpeton	100715	G	116	2	118	0.00002
Candidatus_Cyclonatronum	2489367	G	146	17	163	0.00002
Melioribacter	1134403	G	69	7	76	0.00001
Ignavibacterium	795750	G	46	5	51	0.00001
Gemmatirosa	1706036	G	51308	5008	56316	0.00729
Gemmatimonas	173479	G	16402	476	16878	0.00218
Fibrobacter	832	G	111	2	113	0.00001
Candidatus_Cloacimonas	456826	G	44	1	45	0.00001
Luteitalea	2004797	G	40203	2332	42535	0.00550
Granulicella	940557	G	4454	474	4928	0.00064
Terriglobus	392733	G	3052	382	3434	0.00044
Acidobacterium	33973	G	2376	207	2583	0.00033
Candidatus_Koribacter	658061	G	2061	72	2133	0.00028
Edaphobacter	388463	G	1234	159	1393	0.00018
Acidisarcina	2608728	G	798	60	858	0.00011
Paludibaculum	1649475	G	3363	93	3456	0.00045
Chloracidobacterium	458032	G	1969	56	2025	0.00026
Sulfidibacter	2915177	G	1613	37	1650	0.00021
Thermotomaculum	1172428	G	40	2	42	0.00001
Nitrospira	1234	G	7968	113	8081	0.00105
Leptospirillum	179	G	290	3	293	0.00004
Dissulfurispira	2811506	G	117	3	120	0.00002
Thermodesulfovibrio	28261	G	79	1	80	0.00001
Treponema	157	G	628	92	720	0.00009
Spirochaeta	146	G	464	13	477	0.00006
Sediminispirochaeta	1911556	G	66	2	68	0.00001
Salinispira	1616789	G	55	1	56	0.00001
Oceanispirochaeta	2035349	G	16	0	16	0.00000
Sphaerochaeta	399320	G	141	9	150	0.00002
Breznakiella	2845254	G	88	8	96	0.00001
Borrelia	138	G	32	30	62	0.00001
Turneriella	338321	G	321	2	323	0.00004
Leptospira	171	G	292	33	325	0.00004
Brachyspira	29521	G	42	0	42	0.00001
Pyramidobacter	638847	G	335	20	355	0.00005
Fretibacterium	1434006	G	326	4	330	0.00004
Aminomonas	81411	G	296	32	328	0.00004
Thermanaerovibrio	81461	G	255	50	305	0.00004
Cloacibacillus	508459	G	223	44	267	0.00003
Jonquetella	428711	G	179	27	206	0.00003
Acetomicrobium	49894	G	65	1	66	0.00001
Aminobacterium	81466	G	47	2	49	0.00001
Thermovirga	336260	G	19	15	34	0.00000
Candidatus_Nanosynbacter	2093823	G	197	116	313	0.00004
Candidatus_Saccharimonas	1331051	G	116	1	117	0.00002
Candidatus_Bipolaricaulis	2250122	G	403	16	419	0.00005
Candidatus_Absconditicoccus	2900570	G	59	0	59	0.00001
Candidatus_Babela	1551504	G	58	1	59	0.00001
Candidatus_Chazhemtobacterium	2715734	G	41	0	41	0.00001
Thermotoga	2335	G	186	26	212	0.00003
Pseudothermotoga	1643951	G	50	4	54	0.00001
Fervidobacterium	2422	G	36	13	49	0.00001
Thermosipho	2420	G	35	5	40	0.00001
Mesotoga	1184396	G	59	3	62	0.00001
Kosmotoga	651456	G	40	4	44	0.00001
Marinitoga	160798	G	25	6	31	0.00000
Tepiditoga	2778400	G	10	4	14	0.00000
Athalassotoga	1769718	G	31	1	32	0.00000
Thermocrinis	75905	G	84	13	97	0.00001
Hydrogenobacter	939	G	50	4	54	0.00001
Aquifex	2713	G	27	2	29	0.00000
Sulfurihydrogenibium	212790	G	43	12	55	0.00001
Persephonella	182899	G	38	6	44	0.00001
Thermosulfidibacter	412592	G	70	2	72	0.00001
Thermovibrio	171868	G	75	13	88	0.00001
Desulfurobacterium	64159	G	24	3	27	0.00000
Thermosulfurimonas	1522431	G	138	21	159	0.00002
Thermosulfuriphilus	2033601	G	69	3	72	0.00001
Thermodesulfobacterium	1740	G	46	11	57	0.00001
Thermodesulfatator	241192	G	44	6	50	0.00001
Caldimicrobium	444090	G	26	5	31	0.00000
Geovibrio	46200	G	52	13	65	0.00001
Calditerrivibrio	545865	G	47	8	55	0.00001
Flexistipes	2351	G	41	6	47	0.00001
Deferribacter	53572	G	26	6	32	0.00000
Mucispirillum	248038	G	21	2	23	0.00000
Denitrovibrio	117999	G	15	2	17	0.00000
Caldithrix	187144	G	208	2	210	0.00003
Fusobacterium	848	G	75	18	93	0.00001
Leptotrichia	32067	G	39	7	46	0.00001
Desulfurispirillum	393029	G	150	67	217	0.00003
Endomicrobium	1408194	G	61	1	62	0.00001
Elusimicrobium	423604	G	49	1	50	0.00001
Caldisericum	693074	G	89	0	89	0.00001
Dictyoglomus	13	G	79	0	79	0.00001
Coprothermobacter	68335	G	71	14	85	0.00001
Atribacter	2847777	G	48	1	49	0.00001
Fusarium	5506	G	3192	239	3431	0.00044
Beauveria	5581	G	1845	57	1902	0.00025
Cordyceps	45234	G	367	21	388	0.00005
Trichoderma	5543	G	1792	81	1873	0.00024
Metarhizium	5529	G	1062	138	1200	0.00016
Ustilaginoidea	124426	G	357	15	372	0.00005
Pochonia	243023	G	71	3	74	0.00001
Purpureocillium	1052105	G	424	28	452	0.00006
Drechmeria	98402	G	315	14	329	0.00004
Clonostachys	110564	G	148	9	157	0.00002
Colletotrichum	5455	G	457	78	535	0.00007
Thermothielavioides	2609811	G	467	31	498	0.00006
Thermothelomyces	1920207	G	396	20	416	0.00005
Neurospora	5140	G	123	5	128	0.00002
Pyricularia	48558	G	510	4	514	0.00007
Neopestalotiopsis	1562158	G	221	2	223	0.00003
Botrytis	33196	G	125	0	125	0.00002
Aspergillus	5052	G	1948	94	2042	0.00026
Penicillium	5073	G	273	9	282	0.00004
Paecilomyces	33202	G	121	2	123	0.00002
Talaromyces	5094	G	77	3	80	0.00001
Paraphaeosphaeria	125369	G	186	53	239	0.00003
Ampelomyces	50729	G	137	12	149	0.00002
Zymoseptoria	1047167	G	83	2	85	0.00001
Cercospora	29002	G	68	0	68	0.00001
Eremothecium	33170	G	67	42	109	0.00001
Saccharomyces	4930	G	40	2	42	0.00001
Kluyveromyces	4910	G	32	3	35	0.00000
Kazachstania	71245	G	30	1	31	0.00000
Lachancea	300275	G	25	1	26	0.00000
Tetrapisispora	113604	G	22	0	22	0.00000
Torulaspora	4948	G	20	1	21	0.00000
Naumovozyma	278028	G	20	1	21	0.00000
Nakaseomyces	374468	G	17	0	17	0.00000
Candida	1535326	G	55	0	55	0.00001
Brettanomyces	13366	G	29	1	30	0.00000
Ogataea	461281	G	25	0	25	0.00000
Pichia	4919	G	12	0	12	0.00000
Yarrowia	4951	G	48	0	48	0.00001
Sugiyamaella	410829	G	25	2	27	0.00000
Schizosaccharomyces	4895	G	17	0	17	0.00000
Pseudozyma	63298	G	666	6	672	0.00009
Ustilago	5269	G	177	5	182	0.00002
Sporisorium	63265	G	134	22	156	0.00002
Malassezia	55193	G	90	14	104	0.00001
Phlebiopsis	82309	G	191	1	192	0.00002
Rhizoctonia	1322061	G	45	2	47	0.00001
Marasmius	34448	G	36	1	37	0.00000
Cryptococcus	5206	G	81	11	92	0.00001
Phytophthora	4783	G	1989	196	2185	0.00028
Pythium	4797	G	157	3	160	0.00002
