"","degrees","closeness","betweenness"
"2675782",881,1.23501006533203e-05,2051.58687658188
"3048442",1175,1.23160293121498e-05,3950.44823351007
"844",873,1.25949343174175e-05,5432.45254057548
"2187",1255,1.22916564236196e-05,6425.46163770188
"2325",1306,1.2294376552165e-05,8947.09199632703
"2756107",1111,1.2443692292377e-05,6002.48104338446
"712361",1175,1.23646075473564e-05,9361.11633234128
"1699622",1057,1.26307280351639e-05,7303.4651507272
"2955958",783,1.19213666654745e-05,794.641527242274
"538220",1054,1.25117297466375e-05,8711.42919707685
"2652803",719,1.23096618535889e-05,5455.71421760211
"2675773",732,1.22219506233195e-05,5945.34610105847
"2686210",657,1.19308962489262e-05,1995.72047944754
"2745563",781,1.23603282903194e-05,7812.39469744407
"2870563",1029,1.23753186644556e-05,3405.05745309632
"50339",743,1.22654237703913e-05,7261.46787390084
"52764",1152,1.25078173858662e-05,8661.26600842913
"74968",948,1.23260486385879e-05,2591.90101636217
"1647",684,1.22265830368387e-05,5203.94642190503
"1964448",1093,1.24646316078128e-05,6392.21264150794
"2044912",1050,1.24075636508015e-05,8658.40880953649
"223919",937,1.23539149556494e-05,6741.01781239938
"526944",1148,1.25028131329549e-05,8644.86657967493
"65553",836,1.2374552969274e-05,2832.50545167581
"1253",657,1.22385538924721e-05,3865.18736774535
"1699624",789,1.22980052635463e-05,4756.6997297853
"184064",943,1.245655775483e-05,5565.84219604517
"2560434",893,1.21262095894065e-05,3743.52446935848
"2661587",902,1.22797323018358e-05,2022.61129297752
"759620",878,1.2352999308232e-05,3097.98864356275
"1459800",915,1.23427837914563e-05,5806.76865781455
"1583100",891,1.23935702157721e-05,7566.99146311214
"2719987",1061,1.24478745254248e-05,9598.2118628559
"708126",625,1.21106428329216e-05,5015.41134762316
"2105",990,1.24009474323838e-05,4634.71637807692
"2675791",1119,1.25833647917453e-05,7887.52888970385
"657445",798,1.22216518784679e-05,8799.45944355791
"152331",650,1.22553525252154e-05,2372.08338339013
"3003392",738,1.21896217560369e-05,5135.12888806162
"51365",1158,1.24636994752783e-05,7651.06125034511
"3024576",773,1.22544514294818e-05,1990.89466604258
"55802",916,1.23322809786898e-05,9322.69624619228
"83559",744,1.21160719694675e-05,7247.98354156838
"114527",697,1.23125415548277e-05,5458.8956717397
"2675776",993,1.21543603767852e-05,1228.74999036214
"2092",1099,1.2509225553846e-05,3270.43043126926
"2321111",1224,1.21599766528448e-05,5946.37752761304
"45362",1214,1.22264335493337e-05,6475.62895784755
"71190",1312,1.24334808773064e-05,9498.54756737917
"2570468",1305,1.22770186487913e-05,8949.03351423188
"2763670",646,1.24330171202646e-05,3318.49151710954
"2801918",1328,1.25203455615375e-05,8176.04532765484
"1118",1092,1.22397522674141e-05,2768.34806737905
"1892252",795,1.17866151198699e-05,585.726508579103
"216933",1246,1.23604810699232e-05,8043.87632069257
"1579",1066,1.2099945550245e-05,2105.54855261955
"2186",1306,1.22768679254549e-05,8736.33477264104
"2217832",1195,1.23446121940079e-05,3482.26995687018
"2584467",1123,1.23427837914563e-05,3528.227902629
"2586965",1289,1.23707259141966e-05,6047.39839350677
"37372",1315,1.23037551060584e-05,9414.71172270761
"1085647",995,1.24009474323838e-05,4011.13056874346
"1252",981,1.19932837610938e-05,5452.69550564885
"1295609",1263,1.23354755942615e-05,7706.09137476524
"2111",1225,1.23328893493168e-05,5671.08440551488
"2608247",1278,1.23513209737781e-05,7114.83703078402
"2124",1268,1.23685837971552e-05,6947.69751710696
"2190",1270,1.24316260566882e-05,8584.48622251954
"221027",1275,1.2402331638348e-05,8211.76989660815
"2846436",1118,1.23072378866011e-05,3793.91874141663
"64160",1048,1.23881965263497e-05,4185.51010752177
"1923644",1071,1.22735529481074e-05,1439.48141309729
"2026189",991,1.25431169645657e-05,6237.60793585503
"3052279",1236,1.23376062576339e-05,6185.5844831618
"1070130",1196,1.2477540427231e-05,7908.44399498222
"115778",1261,1.23227070522852e-05,7730.93199923577
"135727",1004,1.24685169945887e-05,3695.50571722782
"155866",1130,1.24049470929006e-05,4503.67972576393
"1583",663,1.21185680699968e-05,565.519079208572
"2681986",1258,1.24909440655525e-05,6911.36829922343
"644281",1253,1.24158823967619e-05,8842.63622621221
"150120",761,1.22697881007595e-05,3596.32104620738
"2781774",1303,1.23595644489488e-05,8547.11703309444
"28107",703,1.26831124357917e-05,8231.93604280212
"2933563",732,1.24500441976569e-05,2209.62575070825
"29554",1015,1.23716441915131e-05,3250.55280335976
"326320",1223,1.22810895782674e-05,5651.81295716753
"391036",1178,1.23325851565005e-05,6370.08829234329
"787",1222,1.2578932803341e-05,7563.02558848226
"83171",1342,1.23865086148167e-05,9428.74886598847
"114881",1274,1.23548307388189e-05,4910.6749424733
"1273132",1131,1.25123559515021e-05,8261.60013122127
"2886040",1271,1.23435455600267e-05,9130.48371333606
"2945587",1146,1.24640101706323e-05,4537.96797574932
"849",1275,1.2321492379157e-05,7924.68259375747
"86660",1262,1.23607866404618e-05,6845.6520538313
"1643685",1283,1.25288162774381e-05,7086.15501895405
"2115978",1243,1.23966429890786e-05,7119.38078743106
"2285",1319,1.24979690800245e-05,9377.45294351349
"2737",831,1.19902639057086e-05,5563.19568632512
"1870984",1202,1.23290880173594e-05,8320.68749813339
"2115",1317,1.23774631151599e-05,8942.62863113215
"3048172",977,1.22012225625008e-05,1194.44916696005
"47834",1141,1.24591961326655e-05,6812.63591791959
"81459",1279,1.2308146762342e-05,9443.2524619875
"948",1274,1.24789417857366e-05,9113.21913906991
"3043332",810,1.26744318685915e-05,8905.03546387681
"691",1224,1.25968381936134e-05,9146.02065174759
"139",1224,1.23831341712587e-05,5672.21863560269
"2672570",1267,1.21263566361487e-05,9330.81552393864
"2925318",1045,1.26636780386495e-05,5384.14847176443
"324079",1212,1.20397794312408e-05,6758.08616698288
"710191",1276,1.21744847149344e-05,9109.39191757048
"73913",1353,1.23722564521317e-05,9414.74741405087
"77022",1017,1.19108591302691e-05,2858.77683598166
"1499987",1291,1.21915536916025e-05,8653.25343856831
"155863",1246,1.22439484284892e-05,7390.54231757455
"1612",1310,1.22937719751174e-05,9358.83442624298
"198252",1292,1.22886354699174e-05,8306.47724765445
"216935",1154,1.20426792552807e-05,7485.58480521637
"2725994",1262,1.21796745590958e-05,7662.01153374139
"2923364",1234,1.21942296905105e-05,8231.33988852196
"171286",1245,1.218041632663e-05,6434.76889386212
"673372",1157,1.21865022301299e-05,5566.63547384705
"136468",770,1.25056275323896e-05,4672.04732628419
"216945",1255,1.21493396833882e-05,7769.5565334212
"2847778",1211,1.22405013709362e-05,8972.91661862091
"2924034",1268,1.23025441661336e-05,8779.2284969442
"3025665",749,1.1836560768903e-05,613.654577145839
"33945",951,1.19225037257824e-05,5851.32768505093
"84590",1299,1.22724985579814e-05,7984.594236887
"171279",1290,1.22675303007998e-05,9523.38654949588
"1902580",1203,1.22053923423368e-05,7484.1316627972
"216936",1280,1.22681322995387e-05,6843.35398423972
"29555",1284,1.21851657791804e-05,7819.7452960024
"337479",1178,1.24795647127828e-05,6549.2290382063
"216427",1243,1.22553525252154e-05,5711.34424553686
"2704654",1280,1.22328648146109e-05,7922.82498470152
"508451",974,1.25621828048842e-05,5769.58410780198
"753",1332,1.25230110327727e-05,9017.72459897207
"1334",1278,1.21899189370391e-05,8113.7224559933
"2096",1278,1.22454477547972e-05,7424.00401420354
"2742195",1195,1.22731010444409e-05,6363.1229274
"3041619",1170,1.21475686641319e-05,6074.48145632692
"42879",1311,1.21893245895245e-05,9582.26589466095
"51364",1305,1.2389270891408e-05,8425.53656006941
"659",1316,1.25721326108548e-05,8920.73846590001
"1602",1284,1.22352595710318e-05,8590.07176043425
"2148",1336,1.25023441895355e-05,9288.13926114888
"1927128",1286,1.23158776294399e-05,8518.1368993683
"2172",1202,1.22693364742835e-05,5001.63965832977
"633807",984,1.19300422323495e-05,8376.83528203044
"2139",1263,1.23033009756518e-05,8557.51036701433
"2143",1231,1.21681146723127e-05,6269.45080096723
"2490855",1320,1.22874275041777e-05,9347.70184257788
"2766701",944,1.25365125929269e-05,6775.79960398961
"2925830",1334,1.2257155114298e-05,9017.53213793204
"31899",1194,1.22989127761106e-05,4501.66482554525
"1160784",1307,1.23621618948722e-05,9090.97058928053
"1177213",1034,1.25707102451289e-05,6153.05116219138
"1292",1259,1.21762635917542e-05,8352.25366588519
"202950",1269,1.2452059570653e-05,8423.72925419908
"2892440",1148,1.22183666487464e-05,4129.67429152794
"70863",1230,1.24973443143332e-05,8514.06569234644
"251540",1273,1.23249852100177e-05,6639.10160503041
"2706014",1216,1.23511684205326e-05,3554.62664975239
"42094",1267,1.23146643022511e-05,7892.07134496274
"92402",1311,1.2452059570653e-05,6001.42955717752
"33045",1121,1.25132953763374e-05,5408.96698786297
"108080",1088,1.22924118941377e-05,2878.30497133094
"111955",1225,1.22913542614125e-05,8228.05773178
"2130",1328,1.22984590030869e-05,9460.87153937669
"1221500",1069,1.22467974624636e-05,8180.77283344733
"39488",813,1.18825528476538e-05,8180.35773754648
"166501",616,1.25965208409437e-05,6037.29638494079
"284581",977,1.22422995935557e-05,4774.19273955352
"2020486",637,1.21734472767998e-05,6485.12861395647
"28084",643,1.26499013307696e-05,5790.67942825571
"34087",888,1.26492612831411e-05,9383.17977162175
"2829597",941,1.17242915596825e-05,4558.73573365484
"1397703",981,1.21262095894065e-05,3298.07226716408
"1622",1224,1.23072378866011e-05,5040.81206975397
"166486",808,1.22780738157798e-05,3326.9725467173
"106648",1074,1.19050453582228e-05,4188.30430121583
"29466",972,1.18069330310758e-05,7999.93074379564
"773",1116,1.21413741607275e-05,6134.79330247758
"2686362",1061,1.19266273883071e-05,8856.04270774792
"322019",903,1.20859066242854e-05,2166.4020910684
"28090",1275,1.23004255947256e-05,8194.69404993559
"216944",1239,1.23257447831285e-05,6831.3132069054
"3047827",950,1.22898436731885e-05,2546.52782822618
"3048354",1059,1.22361578464362e-05,2113.37025292836
"35795",1240,1.24430729412936e-05,8181.22639168248
"577489",971,1.22138896352933e-05,3031.90800612225
"164514",1177,1.2455161418892e-05,8159.33367838785
"2107",1275,1.23693487537881e-05,7304.62303929225
"2708346",1342,1.25450052061772e-05,9334.27072857644
"2777577",1360,1.25283453814255e-05,9524.57173229318
"29518",1186,1.23189119936927e-05,3813.84920745502
"497724",1304,1.2391727282866e-05,6599.54710631098
"51229",1274,1.2360633853304e-05,8379.374409065
"622488",1343,1.23951064119885e-05,8682.31703474458
"2589986",1160,1.2241999853096e-05,6386.71985085579
"860",1160,1.22931674575271e-05,5993.29387632497
"2094",1189,1.23785356192362e-05,5118.45341397224
"2767879",1023,1.24040238653419e-05,7354.95841126155
"3047716",1278,1.23717972509867e-05,6835.95041624732
"74706",1348,1.23779227370063e-05,9545.7448265204
"106649",1332,1.24781632143748e-05,8737.06874198376
"1872114",1215,1.24823686542758e-05,9590.64534777097
"2267275",1208,1.23620090737147e-05,5851.23173382613
"2675787",1142,1.25012501250125e-05,3751.95065714296
"2929512",1088,1.23757781270497e-05,2335.47295171718
"3047352",655,1.23911130936892e-05,1181.45460421617
"548913",1102,1.26114537222706e-05,6366.79002695286
"88916",1189,1.22737035900583e-05,6367.10736662556
"1346",1063,1.217848791894e-05,3858.90933791772
"2939494",1079,1.24525247493929e-05,7163.15462290808
"1074467",1194,1.23322809786898e-05,6259.40628799797
"1749074",1324,1.24954703919829e-05,7216.7946974301
"2180",1302,1.23757781270497e-05,9351.77586443787
"3004105",1107,1.24873565514916e-05,9222.60264807379
"754515",1256,1.23230107579884e-05,8916.95497390992
"1084719",644,1.24984376952881e-05,7304.25642189119
"114883",1164,1.23348669684597e-05,5124.48116482188
"1660073",1283,1.2362620381016e-05,9006.30370457166
"251538",1210,1.22758129657137e-05,6033.98678100049
"2745562",1235,1.24256017097628e-05,8889.40589129532
"591154",904,1.23290880173594e-05,1936.19300083586
"1377",1083,1.24474096940427e-05,7010.90018340165
"1648",1150,1.24727159338946e-05,9417.16638897902
"1920749",1149,1.22476974328826e-05,5027.82769411737
"216963",1334,1.23863551911215e-05,8312.91791632987
"67760",1173,1.24728715044778e-05,5228.75939058828
"92401",1013,1.23269602948609e-05,4128.76762155032
"187101",1223,1.23382151537959e-05,6782.34606219953
"28080",1133,1.24598170898851e-05,8170.068775034
"1081631",1313,1.24483393915252e-05,7721.29473279748
"1591088",1295,1.22761143642814e-05,7992.70465631696
"1817405",887,1.19764781968214e-05,4597.67796538206
"1848766",1121,1.22339124051872e-05,4361.973522777
"2128",1076,1.25236383674185e-05,5676.17254977539
"2283",1288,1.24488042923477e-05,7129.997000416
"664662",1062,1.24759837313172e-05,4288.3273915736
"2518322",1217,1.23455265984371e-05,5754.6641103241
"254785",1211,1.23693487537881e-05,8554.30526174729
"1478019",625,1.20859066242854e-05,5395.56039384364
"646637",718,1.17231919907152e-05,6695.1435104704
"2979862",826,1.19895451166583e-05,5536.5365348493
"186803",628,1.20026405809278e-05,5135.64557952832
"1388755",1122,1.22370562537476e-05,6409.98260161253
"1852970",768,1.17267663441806e-05,1332.71047171674
"542",939,1.21810098057129e-05,4924.01725289015
"2583805",796,1.18677458403551e-05,3699.35762448133
"2651284",1176,1.22690354084362e-05,7507.29283503289
"55601",911,1.19180988248755e-05,1810.65091730979
"487316",870,1.1944434490749e-05,2006.83648978783
"2822842",650,1.24086413778555e-05,2226.49567946308
"28065",773,1.23204297365892e-05,9232.16685640553
"2781023",680,1.21960143425129e-05,2581.10390579859
"2830983",763,1.19425800749994e-05,4779.10160586828
"1188319",673,1.22421497214911e-05,6656.84088568627
"106633",688,1.22649724651368e-05,7519.15515550949
"2781024",614,1.23580370493951e-05,4421.18563596951
"1325724",746,1.19240675379185e-05,7631.58850790073
"349221",769,1.22146355763476e-05,5773.23610986879
"379347",879,1.21657461252099e-05,6968.84879781036
"171632",628,1.2023710757614e-05,7797.49550105908
"2883238",826,1.22301718339143e-05,6713.53314631489
"324078",736,1.21969068644192e-05,6580.44973320301
"48003",713,1.21326830215234e-05,8416.69319582573
"656519",1035,1.17379158156678e-05,8017.66807392374
"1395624",979,1.16963168298303e-05,3795.7768654842
"2738844",1041,1.17098761095108e-05,8485.9601140847
"2785331",1375,1.26395085759066e-05,7987.71429217816
"2948573",1083,1.19438638399522e-05,4252.44847991139
"554406",1007,1.17377780386173e-05,4770.64807547587
"291048",1028,1.17310309229975e-05,6496.29008746834
"1529",1117,1.18674641602582e-05,8890.83061139179
"162",1121,1.18652112007594e-05,9083.84512667504
"1702097",1047,1.17079567273919e-05,7988.2541361153
"2781390",1048,1.17600018816003e-05,9129.25836224947
"1177216",1135,1.19084478529069e-05,7736.52362693319
"831",1135,1.25374556487506e-05,9188.28129521291
"2173",1101,1.1928619143048e-05,5016.18483646549
"2507159",1146,1.19280500023856e-05,9373.51789267476
"282676",992,1.16942651323791e-05,6454.72621405649
"362837",1132,1.19101498296849e-05,8175.63318015529
"1576550",1123,1.21198899513992e-05,4811.17167021184
"1348613",1141,1.18962645729241e-05,9370.96736911903
"2961520",1032,1.1692077448321e-05,9356.34014465771
"312539",1192,1.20567632413402e-05,7826.88975115332
"780",1154,1.21049254941836e-05,7671.74258531258
"2123",982,1.16870215625548e-05,4407.10194252415
"216931",1261,1.22115032360484e-05,7624.269522376
"2683967",1078,1.18127908899757e-05,6643.06710914036
"1660079",1088,1.18381021154688e-05,8905.46920031023
"40542",986,1.16908472356992e-05,4240.39574727733
"472834",1212,1.21263566361487e-05,9446.04294131643
"953",1121,1.18663375735713e-05,6372.20227444236
"165779",1182,1.20386198926155e-05,7942.49445030335
"2811091",1178,1.20875135984528e-05,9372.07708524911
"2042961",1148,1.19171046202615e-05,8742.97886770669
"2563896",1083,1.18661967652748e-05,7118.65426980241
"2317",1108,1.18931519231227e-05,7530.05455543243
"300825",1156,1.23719503142475e-05,7248.35487712924
"134287",1119,1.20932144973455e-05,4150.54447450767
"2024608",1166,1.20611257854808e-05,7978.43205969356
"33970",1104,1.18206104163219e-05,9492.1782986787
"39441",1080,1.17969044922612e-05,7394.22797331537
"594679",1273,1.22699386503067e-05,8456.5171846992
"69656",1055,1.17759276487005e-05,7167.02538567566
"2740405",1178,1.20708802085848e-05,9306.12217172582
"1366",1048,1.19655869718689e-05,6624.8137346284
"2134",1221,1.21025814806298e-05,9401.75314301818
"28110",1173,1.2083423959013e-05,7373.6595197098
"285729",1137,1.18801530163709e-05,9284.12710933446
"3047542",1244,1.24252929262807e-05,9501.87284134425
"61015",1078,1.18428688165421e-05,4853.92776116437
"82688",1138,1.20286281349612e-05,2895.5044286475
"1177574",1250,1.21900675329741e-05,6489.19039842769
"1646498",756,1.19115685153421e-05,2397.06441454783
"2714949",1004,1.20182196209454e-05,1882.37331324889
"2934315",1132,1.19326046489428e-05,8768.91133429352
"1354",917,1.1685655857435e-05,6983.05025164691
"1816218",743,1.18807175953428e-05,7106.35463992972
"2068654",1133,1.18921618761075e-05,9370.40499455372
"2083214",1150,1.21112295320221e-05,7825.50050060984
"2145",1148,1.19209403237727e-05,7494.65491759967
"39669",1219,1.21553945641076e-05,5713.9640756924
"2912228",1123,1.19205140125642e-05,5136.68402491472
"1628248",1157,1.20635992954858e-05,6519.78316103059
"2120",1190,1.21403423576545e-05,5239.75757518854
"2580412",718,1.26462219411951e-05,6922.84114817619
"468911",1297,1.22627164369451e-05,9102.51909533567
"1448857",1259,1.2261513561234e-05,9216.06974708489
"89586",1201,1.22040517451794e-05,6318.05488424766
"1654388",1013,1.18474989929626e-05,2731.05773061421
"216937",1161,1.20609803164801e-05,7466.14616312387
"216946",1119,1.20318121112221e-05,7327.17572983812
"29521",1180,1.20441296911885e-05,6215.29637129343
"1636617",817,1.23134512141063e-05,4742.51935810718
"69655",815,1.21954194004732e-05,7328.09085548784
"1785128",833,1.24174241295386e-05,8171.65515567233
"1390185",766,1.22012225625008e-05,9425.46841133018
"3070661",763,1.22827488791992e-05,7177.47742057123
"84023",865,1.24115675809855e-05,8726.64005869581
"2025351",939,1.23698077731872e-05,7975.02646459813
"2675794",843,1.22520491552212e-05,6247.76075503507
"1138822",634,1.21421112703077e-05,8593.2857783426
"2732594",829,1.23501006533203e-05,6596.00526314282
"1406512",866,1.22868236103602e-05,7482.05636033368
"3047739",728,1.22226975493491e-05,6991.09614149708
"57863",789,1.21727063578045e-05,6161.73464814734
"79601",714,1.21638223595383e-05,3035.92694932956
"1917441",768,1.22119506148717e-05,6475.09660872461
"83554",744,1.20790452722617e-05,7374.16599632971
"2185111",877,1.24470998257406e-05,7464.85563973108
"2748319",848,1.18045636443049e-05,5544.85809067786
"2500533",701,1.22786768497827e-05,8461.91997218246
"2875962",887,1.21019956190776e-05,2997.73579439494
"1756149",649,1.24503542125773e-05,5596.79739334708
"471",852,1.17564072419469e-05,7800.91407433473
"2781961",988,1.23362364609805e-05,9540.86773196238
"97084",1194,1.20322464204067e-05,9327.03099456378
"1891280",1201,1.20704431059664e-05,7522.66341712216
"2715679",1212,1.22452978056426e-05,5561.26225809865
"1967665",1274,1.22912031858799e-05,8169.85394992414
"71237",692,1.17383291662265e-05,9220.81708808876
"2322",1257,1.21695954826462e-05,7957.21321398022
"242600",1238,1.21450606038524e-05,6890.38315537475
"2735436",1264,1.20946771325939e-05,9560.8367855896
"28038",1081,1.18587387045514e-05,5289.3731153995
"29553",1308,1.22774708410068e-05,9570.71879999511
"1032242",1119,1.20110020779034e-05,6783.57771167823
"167642",1198,1.20487734348643e-05,8762.62253437494
"708186",1153,1.20384749659913e-05,8694.97057165044
"114186",1279,1.23271122506842e-05,9299.59264484595
"1308",1047,1.19176727168718e-05,9578.57951747895
"167",1241,1.22598599923989e-05,7350.86037595898
"2579250",1293,1.23098133832291e-05,7568.95085566908
"1355374",1102,1.18369810963412e-05,8290.44156588429
"216938",1285,1.22479974524165e-05,9282.01201243369
"247523",1094,1.21220937280287e-05,6206.2171139795
"53558",1093,1.18480604725007e-05,7676.54021194724
"75658",1232,1.22355589815121e-05,7494.18922934868
"76517",1280,1.22337627384055e-05,7870.33341937878
"2118",1209,1.2260160608104e-05,4622.27777981859
"213",1201,1.20809423135005e-05,7126.80609973264
"2138",1178,1.21008240661189e-05,9148.19552835909
"294671",1119,1.19203719156038e-05,7738.16678828509
"40091",1161,1.19787736131575e-05,9437.50670815636
"544718",1206,1.20940920360404e-05,7395.39342702813
"142650",1220,1.2193337560357e-05,5525.20255643423
"3058393",1087,1.26692934335052e-05,9465.34034351398
"392416",1212,1.21472735444529e-05,7534.06617596526
"1514105",942,1.2597949053894e-05,3874.20165242219
"214888",1253,1.21672263590792e-05,8888.03839505727
"2149",1297,1.22445481149518e-05,8772.46816824293
"260714",1175,1.20347080981551e-05,7904.20569730274
"2810348",1191,1.22089687084132e-05,4328.39546617598
"2908650",1189,1.21727063578045e-05,5583.70834483068
"29520",1238,1.22625660645747e-05,7584.97924968039
"315393",1130,1.20637448276694e-05,4480.69309762252
"224719",1253,1.220911776915e-05,8023.08359533912
"2286",1157,1.20682580676305e-05,7696.58798707927
"29556",1038,1.19300422323495e-05,5332.85319233115
"671211",1184,1.22373557521691e-05,3361.51524598542
"1255",1218,1.21055116394494e-05,9550.1615903011
"216934",1251,1.21684108055488e-05,7344.05078940389
"216942",1158,1.215953307393e-05,4126.62970987942
"2352",1281,1.21872448295614e-05,8381.62066851616
"246432",876,1.17642906720939e-05,8300.6611483427
"2916816",850,1.23725626051668e-05,8296.64222787585
"80850",786,1.27001866927444e-05,7582.26329768593
"1987921",1249,1.21986923001854e-05,6300.69748338082
"1301915",1293,1.22364573008822e-05,9497.67037630799
"1529069",1372,1.24477195777734e-05,8925.73220769744
"2546128",1213,1.21570200712401e-05,8242.55014194401
"301953",1241,1.21503730164516e-05,8304.65854931973
"1311",1170,1.21169528287026e-05,4203.45686051312
"1235990",1251,1.21422587029639e-05,9533.42037230103
"143",1121,1.22074783012073e-05,3437.21075836311
"295596",1156,1.20146097654748e-05,8530.99282487781
"375929",1250,1.2175522329908e-05,8551.07506112584
"412034",1081,1.25075045027016e-05,9034.89176826688
"480520",1179,1.20393445780812e-05,8125.73831809849
"59",1255,1.23069349578487e-05,8771.08487679024
"2743000",654,1.26403074122763e-05,3932.78770024476
"336988",1148,1.22186652330099e-05,6605.2787721465
"219745",1174,1.21074170036564e-05,4227.9361200673
"488546",1313,1.21991387408049e-05,9042.48243493321
"3068341",704,1.17962086985243e-05,9592.32858931327
"202907",634,1.19073134719345e-05,9041.63771365215
"2919913",821,1.19381603294932e-05,5862.42480056786
"47",842,1.1676377520638e-05,6211.2139865715
"484429",872,1.19988961015587e-05,8418.3195717203
"2781022",642,1.16860655354555e-05,8922.81298605088
"3015158",903,1.21502253866809e-05,8101.27350841458
"1866325",621,1.22807879353539e-05,8325.71753272041
"164759",740,1.22872765251582e-05,8569.90612571318
"2884220",778,1.23504057108276e-05,9399.07047346961
"2008795",698,1.21424061392005e-05,9123.36868289701
"3029061",634,1.21552468122865e-05,7446.95376059112
"252514",648,1.22795815118621e-05,7687.59178772903
"463024",701,1.23051176984508e-05,8938.78149147784
"45401",614,1.21580547112462e-05,1975.3680884362
"2162713",657,1.24387392093937e-05,7530.48028586547
"2795779",653,1.24302353043543e-05,6806.92184239992
"458032",884,1.21664861971214e-05,8477.98054703381
"213422",647,1.22122488856323e-05,4792.07215512796
"1407",1061,1.19879640840596e-05,9440.01920642039
"3070660",1203,1.24517494708006e-05,7478.50121225695
"2562892",1112,1.19637259828201e-05,8137.58340358562
"1705566",1028,1.18777541542445e-05,9537.18661384939
"1402",695,1.24710049135759e-05,2269.06778127333
"314275",1067,1.20860526951898e-05,3545.23640680659
"1304",1000,1.19488588839766e-05,7175.55590904202
"2583851",1100,1.19931399239635e-05,8090.11739221846
"1796652",802,1.27173069830733e-05,9604.21627788837
"1882662",913,1.25084431991594e-05,4758.99440694579
"40215",1083,1.1877895236964e-05,6912.93760409914
"1354726",981,1.16907105613879e-05,9303.57529230834
"330922",663,1.17600018816003e-05,159.638056432715
"96241",1003,1.18444118065097e-05,5797.76447719983
"868131",1024,1.17416370190332e-05,5961.88907404517
"518738",998,1.20918984280532e-05,5302.41313823985
"97138",987,1.1684017432554e-05,5979.91450673792
"3072790",908,1.27494103397718e-05,9419.91904326338
"86665",1172,1.24574888194038e-05,5909.20250541997
"41673",1013,1.17242915596825e-05,6137.38229986236
"640030",999,1.18126513495954e-05,4278.62071948402
"3018314",1003,1.17499148131176e-05,8380.23244203579
"39486",1056,1.18587387045514e-05,7887.46340723066
"640330",881,1.26163861623477e-05,4532.67769363214
"29394",991,1.17299300896167e-05,9100.20189367188
"31979",1008,1.21084432174555e-05,3802.10338906914
"137816",1211,1.24172699390312e-05,8577.49255101567
"2023057",976,1.16949489515478e-05,4587.76434524785
"58049",1317,1.21995852141027e-05,8517.62099770936
"712357",1042,1.1765121121922e-05,5871.89013249363
"1348",1089,1.18218680915958e-05,8497.95286304585
"1390",1021,1.19817876827223e-05,8010.61239624577
"54005",960,1.16831983923919e-05,4162.16091111038
"248039",1080,1.18151635809398e-05,9485.84153170627
"2908646",1038,1.16957696401212e-05,9215.96550799022
"2126985",1053,1.17998277225153e-05,6258.44572426911
"214473",1051,1.17931481809069e-05,6438.09753759892
"28229",1162,1.19981762772059e-05,8942.23541838053
"1547445",1072,1.18709861228172e-05,5328.6257343721
"2682810",1090,1.18656335655042e-05,5286.67021164316
